"","x.1","x.2","classes"
"1",0.666836871297406,-1.28536187894642,"1"
"2",-0.71222880378098,-1.71033080220222,"1"
"3",-0.21775685611466,-1.32056312300265,"1"
"4",-0.539713959221287,-1.5838634878397,"1"
"5",0.0881147579858854,-1.24357358515263,"1"
"6",-1.16541881336568,-1.03870102725923,"1"
"7",0.952445502377817,-1.54145312644541,"1"
"8",0.917770159462461,-0.73603198826313,"1"
"9",-0.5864484065518,-1.30802643932402,"1"
"10",-0.69269251574477,-0.924140264466405,"1"
"11",-0.799467681527252,-1.70890924371779,"1"
"12",1.09519780830792,-0.934425163641572,"1"
"13",0.451665322271709,-1.04742597788572,"1"
"14",0.285497691085347,-1.68798269666731,"1"
"15",0.811552868596446,-1.11931292526424,"1"
"16",1.09608043286469,-1.34859807193279,"1"
"17",-0.428719295355583,-1.80979000404477,"1"
"18",-0.257370934813039,-1.56828732639551,"1"
"19",0.784379180482169,-0.939742090180516,"1"
"20",0.836606853378762,-0.90939959064126,"1"
"21",-1.26414696106015,-0.820706184208393,"1"
"22",0.899463966498649,-1.52605326846242,"1"
"23",0.582818978481972,-1.82706000320613,"1"
"24",0.547200150618769,-0.85022155828774,"1"
"25",0.885432053949547,-0.79632481187582,"1"
"26",0.0485280912129802,-1.19418654330075,"1"
"27",0.891915543270454,-1.52109830565751,"1"
"28",-0.55551360491533,-1.25604975707829,"1"
"29",0.138923241920431,-1.17548076100647,"1"
"30",-0.421664902441649,-1.32328264415264,"1"
"31",-0.472027015859939,-1.09451541937888,"1"
"32",-0.631309613304052,-0.883991099894047,"1"
"33",-0.38284742581919,-0.718856238201261,"1"
"34",-0.940399418205578,-1.1984082300216,"1"
"35",-0.311471686102506,-1.58928199894726,"1"
"36",0.524124736092849,-1.33027345761657,"1"
"37",0.881122908217689,-1.36218467578292,"1"
"38",-1.1467879635316,-1.27326164245605,"1"
"39",1.2008950964917,-0.881617495417595,"1"
"40",-1.13177632214171,-1.62067945413291,"1"
"41",-0.456457267304106,-1.305183468014,"1"
"42",1.19588809882525,-1.11735637895763,"1"
"43",-0.707164000647419,-1.79020861051977,"1"
"44",0.0071034267465433,-1.46627431102097,"1"
"45",0.620523290506574,-0.957511748000979,"1"
"46",-0.797673483619501,-1.41033561825752,"1"
"47",-0.698300034650989,-1.81864810436964,"1"
"48",0.651619043624235,-1.02078931927681,"1"
"49",0.675123520890584,-1.0738638497889,"1"
"50",1.20599606112803,-1.4708161868155,"1"
"51",-1.21988402181953,-0.994627944007516,"1"
"52",-0.193710566123891,-1.0202471755445,"1"
"53",-0.584171395071196,-1.82577182911336,"1"
"54",-0.651920063596105,-1.7202906601131,"1"
"55",0.138519793442638,-1.0210257679224,"1"
"56",-0.992771368628032,-1.20892977006733,"1"
"57",-0.950506084322733,-0.636075685545802,"1"
"58",1.14738987761948,-1.43222059719265,"1"
"59",-0.629601946490529,-1.64013393633068,"1"
"60",-0.0817666616753041,-1.57609320878983,"1"
"61",-1.21525753053468,-1.49136669337749,"1"
"62",-0.0942823523399112,-1.74348623603582,"1"
"63",-0.192369020496828,-1.34230522885919,"1"
"64",-0.874111631964684,-1.49978292249143,"1"
"65",0.702909081924283,-0.641543919593096,"1"
"66",-0.352189048416187,-1.81416249424219,"1"
"67",0.608796436481528,-1.381571662426,"1"
"68",-0.977223723345564,-0.681247599422932,"1"
"69",-0.773757647769635,-0.886259092390537,"1"
"70",-0.947167177640265,-1.20297119244933,"1"
"71",-0.896488768981556,-0.635876585915685,"1"
"72",0.439675407440394,-1.56266387067735,"1"
"73",0.536119607958352,-1.51586459316313,"1"
"74",-0.00125405634156528,-1.57482830323279,"1"
"75",-0.631670866333919,-1.14069272428751,"1"
"76",-0.112246049338306,-1.07080395370722,"1"
"77",-0.714259175401441,-0.871910643577576,"1"
"78",0.216887798689933,-1.34354336969554,"1"
"79",-1.15651134211213,-1.00013815760613,"1"
"80",-1.1731255016363,-1.61162567809224,"1"
"81",-0.879524407091089,-0.728172994405031,"1"
"82",0.644429563257245,-1.65973317176104,"1"
"83",0.58423729683286,-1.29446590989828,"1"
"84",-0.325713985536428,-1.42923293039203,"1"
"85",0.519174128339453,-0.752707993611693,"1"
"86",-0.705541047154299,-0.622614299505949,"1"
"87",-0.905190078604002,-1.31894041262567,"1"
"88",0.0486607672936927,-1.79507858082652,"1"
"89",-0.712486132955651,-1.23883612118661,"1"
"90",0.9597556674867,-1.31071063093841,"1"
"91",0.024135924664574,-1.02905228063464,"1"
"92",1.09328751420726,-0.873975776508451,"1"
"93",-0.177761948610129,-1.08504997268319,"1"
"94",0.360300917953285,-1.86105327792466,"1"
"95",0.406241930364128,-1.67620138153434,"1"
"96",-0.252139582856191,-1.06028975471854,"1"
"97",-1.0435818701488,-0.798049311712384,"1"
"98",-0.310494196068808,-1.47081452980638,"1"
"99",0.134821081072702,-0.99601461365819,"1"
"100",0.211474879542903,-1.49421032853425,"1"
"101",-0.243054290894916,-1.90347494706512,"1"
"102",0.391899958927132,-1.63564609102905,"1"
"103",0.220222953700015,-1.63990852870047,"1"
"104",-0.364684483423364,-0.825373548269272,"1"
"105",-0.712226831606667,-0.970458317175508,"1"
"106",-0.583021169814785,-1.44485220685601,"1"
"107",-1.27813704664653,-1.18627574518323,"1"
"108",-1.04134159625346,-1.20223482176662,"1"
"109",-0.160407710563847,-1.59857113584876,"1"
"110",0.178573459415621,-1.33760578148067,"1"
"111",-0.0499587019187662,-1.73254289515316,"1"
"112",-0.038649975446575,-1.42899670265615,"1"
"113",0.806384981727998,-0.684142374619842,"1"
"114",-0.904063079592581,-1.54744433574378,"1"
"115",-0.892562506620341,-1.1778693754226,"1"
"116",-0.957705112219121,-0.855500849336386,"1"
"117",-0.361747490296179,-1.06588195413351,"1"
"118",0.980724260092885,-0.650816907733679,"1"
"119",0.664681602007423,-1.19524446763098,"1"
"120",-0.46990346808555,-0.776724752411246,"1"
"121",-0.803687133549824,-0.642242975905538,"1"
"122",0.969630490889736,-1.59741611406207,"1"
"123",0.896178645219508,-0.953573395684362,"1"
"124",1.07900187689154,-1.02572248093784,"1"
"125",-0.484327378824079,-1.15365673787892,"1"
"126",-0.167312381712829,-1.53854601345956,"1"
"127",-0.744651121137078,-1.56263683885336,"1"
"128",-0.143964905091627,-1.53326842561364,"1"
"129",-0.675642940354164,-0.968285183608532,"1"
"130",0.612924868118343,-1.28783879727125,"1"
"131",-0.608832673238313,-1.3778704315424,"1"
"132",-0.573690536773951,-1.78209857195616,"1"
"133",-0.936471698122099,-1.57664768248796,"1"
"134",0.509364213474766,-1.38714131563902,"1"
"135",0.166788606598479,-1.28998926058412,"1"
"136",0.186164589948825,-0.88417901918292,"1"
"137",0.689078464147171,-1.58700118921697,"1"
"138",0.845865488433583,-1.62195116728544,"1"
"139",-1.02511251284637,-1.70730268247426,"1"
"140",1.00892199842194,-0.935739873349667,"1"
"141",-1.29389450857,-0.954159336909652,"1"
"142",1.10885667824696,-1.59416918903589,"1"
"143",-1.08436877625921,-1.50479782000184,"1"
"144",-0.408873700971678,-0.717880475893617,"1"
"145",-1.05760038423866,-1.38403514586389,"1"
"146",0.940451379160064,-0.823889603838325,"1"
"147",-0.419920442899832,-1.78019319362938,"1"
"148",0.882842628649221,-1.23206889405847,"1"
"149",-0.211692850216448,-1.08272088952363,"1"
"150",-0.394131371661636,-0.700661889836192,"1"
"151",0.0466234885219443,-1.17796808965504,"1"
"152",-0.58951652461865,-1.37945533655584,"1"
"153",1.22709066399549,-0.895243959501386,"1"
"154",-0.424531941118705,-1.82709930092096,"1"
"155",-0.863522628450973,-0.954674687609077,"1"
"156",-0.334093513511163,-1.27972302846611,"1"
"157",-0.447960175034334,-0.784645459055901,"1"
"158",0.705407702221047,-0.92822991758585,"1"
"159",-0.693091396433305,-1.60897961556911,"1"
"160",0.276940380029894,-1.49028346762061,"1"
"161",1.14064371024982,-1.3991096906364,"1"
"162",0.26216411180564,-1.48526760078967,"1"
"163",-0.257243757465708,-1.03959692157805,"1"
"164",-0.419088623888844,-1.49745517857373,"1"
"165",0.0216235542906478,-1.61775172688067,"1"
"166",0.742867559347047,-1.22770981863141,"1"
"167",0.753504876590246,-1.83354716822505,"1"
"168",-1.16196841590657,-1.54358479045331,"1"
"169",-1.18107021447928,-1.08382611609995,"1"
"170",-0.179180370110923,-1.28558805733919,"1"
"171",-0.11796495652,-1.10364633351564,"1"
"172",1.26214730929833,-1.00234819613397,"1"
"173",-0.688586147159345,-1.65207880735397,"1"
"174",-0.480262871584682,-0.660347697138786,"1"
"175",-0.0348957424772662,-1.14280076473951,"1"
"176",0.418886370276843,-1.67927671000361,"1"
"177",0.422104855606487,-1.46058630459011,"1"
"178",-0.474657801677816,-1.68231768198311,"1"
"179",-0.32420980429511,-1.67616398632526,"1"
"180",-1.30921975422035,-1.35716019682586,"1"
"181",-0.980956751548554,-0.734934776648879,"1"
"182",0.425424941647835,-0.744762087613344,"1"
"183",0.966712429987219,-0.818100041151047,"1"
"184",-0.136481123769006,-1.862368889153,"1"
"185",-0.783066622573806,-1.22120064087212,"1"
"186",-1.23777844814139,-0.96479360461235,"1"
"187",-0.695515716360293,-0.923681525886059,"1"
"188",-1.14522620193649,-0.753201409056783,"1"
"189",0.226667143555278,-1.83003296218812,"1"
"190",-1.21742077156084,-1.33131338916719,"1"
"191",1.11233871937268,-0.963037330657244,"1"
"192",0.828904129567753,-1.06027857288718,"1"
"193",0.4491726327702,-1.52878859974444,"1"
"194",-1.05632048203372,-1.22561989761889,"1"
"195",-0.302021321969858,-1.59996681511402,"1"
"196",-0.512770060554121,-1.19695453569293,"1"
"197",0.706220926352974,-1.5729865308851,"1"
"198",1.0056753966335,-1.30290166549385,"1"
"199",1.00491714296811,-0.958866589143872,"1"
"200",-0.346034788944731,-1.1583359297365,"1"
"201",1.23870844834737,-0.926475926116109,"1"
"202",0.911804541707794,-0.967954888939857,"1"
"203",-0.909541182344378,-1.70632706992328,"1"
"204",-0.808065133466141,-1.22498280182481,"1"
"205",0.528336569294652,-0.661104233935475,"1"
"206",0.612248896290025,-0.754934883117676,"1"
"207",-0.230767375045635,-0.818390752747655,"1"
"208",-0.760552519997089,-1.2325986456126,"1"
"209",0.597019566429164,-1.74944411218166,"1"
"210",-0.403887500013114,-1.73189133182168,"1"
"211",-0.636827732380908,-1.5213900256902,"1"
"212",0.589826972102732,-1.05995557457209,"1"
"213",-0.354109811907987,-1.75266595445573,"1"
"214",0.276030650402402,-0.76011739037931,"1"
"215",-0.756610440668132,-1.08924887180328,"1"
"216",0.83389500146548,-1.27370852455497,"1"
"217",1.16115398122291,-0.80345146022737,"1"
"218",0.765100367587478,-0.985273138061166,"1"
"219",0.342243693183041,-1.75886633321643,"1"
"220",0.958168612756017,-1.19358360469341,"1"
"221",0.286080964233516,-0.99426652379334,"1"
"222",-1.26585271668107,-0.803312715888023,"1"
"223",0.80014546983191,-0.841573240980506,"1"
"224",0.637961395914277,-1.11500746309757,"1"
"225",1.17576706240259,-1.54928946457803,"1"
"226",-0.08834472453944,-1.25437461957335,"1"
"227",-0.0405485098091476,-1.49686344787478,"1"
"228",-0.321411742414668,-1.70726107731462,"1"
"229",0.195843468751438,-1.30278989225626,"1"
"230",0.335447313866114,-1.61933731362224,"1"
"231",0.214361665912755,-1.81087048351765,"1"
"232",-0.343212473212683,-1.13513124920428,"1"
"233",0.917838724956931,-0.739586276933551,"1"
"234",0.0674583553835875,-1.66764021329582,"1"
"235",-0.340287229443719,-1.3867331802845,"1"
"236",0.0949196358171238,-1.66523149088025,"1"
"237",-0.110930169224463,-1.51216635517776,"1"
"238",1.34416177337864,-1.18150733187795,"1"
"239",0.729987675555867,-1.2315776411444,"1"
"240",0.538899817120066,-1.49157375320792,"1"
"241",-0.112473812765555,-1.01213837191463,"1"
"242",0.717887419517939,-0.783209451660514,"1"
"243",0.551095432975982,-1.01133282929659,"1"
"244",0.460804615479646,-1.75918206833303,"1"
"245",-0.749913059960549,-1.36748012304306,"1"
"246",0.478600069790564,-1.66654695421457,"1"
"247",1.10114871649667,-0.821683475747705,"1"
"248",1.34541859076424,-1.16742686629295,"1"
"249",-0.811543099197437,-0.630915818363428,"1"
"250",-0.362023142527202,-1.81150040589273,"1"
"251",-0.620884015460818,-1.3616669613868,"1"
"252",-0.56571144581873,-1.42330113574862,"1"
"253",-0.730707903235274,-1.64556680880487,"1"
"254",0.528517579215841,-1.87018342986703,"1"
"255",1.36292417502432,-1.11955609321594,"1"
"256",-0.214057968584505,-1.3217287812382,"1"
"257",1.02540581214505,-1.24160756990314,"1"
"258",1.3551075283046,-1.1704511910677,"1"
"259",1.11814376321373,-1.14145420975983,"1"
"260",-1.20896944735871,-1.42988481223583,"1"
"261",-0.566944129369915,-1.50467019081116,"1"
"262",0.894813714405775,-1.07006140612066,"1"
"263",-0.525855286615824,-1.33554732277989,"1"
"264",0.527743979569076,-1.66697617359459,"1"
"265",0.56506418015528,-1.05794769600034,"1"
"266",1.14777853543867,-1.1671410035342,"1"
"267",-1.09326046427957,-0.731814057007432,"1"
"268",0.346665893807417,-1.46141622215509,"1"
"269",-0.946814032582296,-1.36143977530301,"1"
"270",0.467317063974625,-1.28768637627363,"1"
"271",1.05976623385459,-1.22636332884431,"1"
"272",-0.405195552411409,-1.30848391205072,"1"
"273",0.613725904991502,-0.882291713729501,"1"
"274",-1.34137731106732,-1.28879362754524,"1"
"275",-0.979534255302081,-1.07341312766075,"1"
"276",0.404903598602706,-1.09329844526947,"1"
"277",0.0401201516020415,-1.77628793939948,"1"
"278",0.498996020176367,-1.75157072432339,"1"
"279",0.641097347695128,-1.11285910308361,"1"
"280",-0.885522019481542,-1.74165936000645,"1"
"281",-0.553270935217442,-1.62289617694914,"1"
"282",-0.132717280991109,-1.65695900022984,"1"
"283",-0.936495693774568,-1.1165459740907,"1"
"284",0.433267249339586,-1.35922497883439,"1"
"285",0.157862297187789,-0.997233780100942,"1"
"286",0.898834353741529,-1.11617098525167,"1"
"287",1.14359452092329,-1.02111366018653,"1"
"288",0.681879201406342,-1.20467231199145,"1"
"289",-0.774546656325706,-0.828634872287512,"1"
"290",0.833999556546204,-0.80572262853384,"1"
"291",0.126491951882799,-0.990678160637617,"1"
"292",-0.181008676254432,-1.45056005641818,"1"
"293",1.21282645980312,-0.939896333962679,"1"
"294",-0.564697585387488,-1.17644371651113,"1"
"295",1.06942350437364,-1.21099213920534,"1"
"296",-0.966658125129512,-1.09289309345186,"1"
"297",1.0585353395326,-1.07124379165471,"1"
"298",0.821643443976924,-1.05344228520989,"1"
"299",0.861422939444586,-1.19636502787471,"1"
"300",-0.432476889454865,-0.758913063630462,"1"
"301",-1.04962543939069,-1.19754453971982,"1"
"302",0.397703721503629,-0.950605707988143,"1"
"303",0.0309387038168967,-0.905756306648254,"1"
"304",-0.633845590085517,-1.14422174543142,"1"
"305",-1.20560616940241,-1.2296526260674,"1"
"306",-0.577788515833644,-1.5265154749155,"1"
"307",0.329793872491762,-1.28086150847375,"1"
"308",0.0278982467922757,-1.03327047303319,"1"
"309",-0.502513991852857,-0.897226509824395,"1"
"310",-0.28854897755267,-1.89719222262502,"1"
"311",-0.714353950703291,-1.29439813569188,"1"
"312",-0.572045736260376,-1.25783817358315,"1"
"313",-0.592837154954159,-0.816870510205626,"1"
"314",-0.533347951156497,-1.28946352824569,"1"
"315",0.0130209357740512,-1.41937801875174,"1"
"316",-0.409141488508884,-1.83778124973178,"1"
"317",-1.08800151680339,-1.25940645076334,"1"
"318",0.94644757859142,-0.863895899802446,"1"
"319",1.21296960462623,-1.06002436205745,"1"
"320",0.209872995877859,-1.84145106263459,"1"
"321",0.749691617222226,-1.59429295547307,"1"
"322",0.8741491370112,-1.49418113939464,"1"
"323",0.672232722054243,-1.37696781046689,"1"
"324",0.025483562623537,-1.54843990504742,"1"
"325",0.379189688614324,-1.1928490921855,"1"
"326",-0.983730701003048,-0.971675422787666,"1"
"327",0.59404333871049,-1.54308630302548,"1"
"328",-0.880337410650889,-1.21392230577767,"1"
"329",-0.862302065986918,-0.655550700426102,"1"
"330",0.33004600784158,-1.31769089139998,"1"
"331",-1.27029381320059,-0.966777620464564,"1"
"332",-0.796381900174207,-1.03316923491657,"1"
"333",-0.880885939147839,-0.849468903616071,"1"
"334",-0.743977394603268,-1.47922687791288,"1"
"335",0.390928914789479,-1.44177919439971,"1"
"336",0.975974396329902,-0.717443590611219,"1"
"337",-0.00833462467957746,-1.62928643040359,"1"
"338",-0.565767752044121,-0.83680631481111,"1"
"339",0.67280015747494,-0.703999963775277,"1"
"340",-0.504781307890989,-0.910850869491696,"1"
"341",-1.1853519911026,-0.700002720579505,"1"
"342",0.632829488900959,-1.32779314108193,"1"
"343",-0.890638306095807,-1.18236393108964,"1"
"344",-0.733914488698659,-0.683937753736973,"1"
"345",-0.382883381022143,-1.08816885650158,"1"
"346",-0.0533191773115635,-0.919451861828566,"1"
"347",0.502882127381832,-0.927409340068698,"1"
"348",-0.475265777606744,-1.53099906854332,"1"
"349",-0.0738396296345434,-1.554875985533,"1"
"350",0.630655629921848,-0.77117170356214,"1"
"351",-1.06423747544773,-1.61329426467419,"1"
"352",1.34562517213113,-0.995187292248011,"1"
"353",-1.2581088477347,-1.38798133954406,"1"
"354",0.831642078407386,-1.31096096560359,"1"
"355",-0.165534687141381,-1.28707005828619,"1"
"356",-0.50689676391202,-1.21261893473566,"1"
"357",-0.74226524498563,-1.30784251615405,"1"
"358",0.541974105367803,-1.29818083010614,"1"
"359",0.492756946829568,-0.824468608573079,"1"
"360",0.372133092574085,-1.33139343820512,"1"
"361",0.13737401725578,-1.74203597456217,"1"
"362",-0.431515549842066,-1.02662644088268,"1"
"363",-0.5640655593118,-1.7338938087225,"1"
"364",-0.777887603300351,-1.21539377644658,"1"
"365",1.25271936437619,-0.781947539746761,"1"
"366",0.770760934739021,-1.60440066494048,"1"
"367",-0.810491820651046,-0.748313288018107,"1"
"368",0.77926690503691,-1.80928221717477,"1"
"369",0.717017909920351,-1.59946123845875,"1"
"370",0.634639039926244,-1.74863894209266,"1"
"371",-0.791281689375563,-1.18117178343236,"1"
"372",1.0648243069433,-1.41489287503064,"1"
"373",0.257099498104612,-1.02895147204399,"1"
"374",-1.03586094978604,-1.10416092276573,"1"
"375",0.0933637609028393,-1.51648476533592,"1"
"376",0.94324282776914,-0.830429166555405,"1"
"377",0.445416101958319,-0.991403782367706,"1"
"378",0.770739355648827,-1.69106647744775,"1"
"379",-0.261679953391553,-0.880665380507708,"1"
"380",-0.558781798120055,-1.39365702047944,"1"
"381",-0.104137915903797,-1.85839529745281,"1"
"382",-0.301944371490848,-1.30449771210551,"1"
"383",-0.477280953105126,-1.0206788815558,"1"
"384",-1.00473094830445,-0.722249640524387,"1"
"385",1.12822119249543,-0.735267945751548,"1"
"386",-0.697609755476517,-1.67779068537056,"1"
"387",-1.26998010060028,-1.35706951059401,"1"
"388",-0.0181609695727714,-0.926728143543005,"1"
"389",-1.17811337050939,-0.823817146942019,"1"
"390",0.543198138599154,-0.964629309624434,"1"
"391",-0.186770562563845,-0.850386895239353,"1"
"392",0.7266688616967,-1.68772009275854,"1"
"393",0.9188718354962,-1.29211063832045,"1"
"394",-0.450509711162946,-1.8336405929178,"1"
"395",-0.559337583439989,-1.67283220849931,"1"
"396",1.17521351913345,-1.35755014978349,"1"
"397",-0.666943436828195,-1.58917919024825,"1"
"398",0.452984898914907,-0.748505695909262,"1"
"399",0.0409622012672806,-1.0386526145041,"1"
"400",0.773969545573525,-1.2658878300339,"1"
"401",-0.539497182232195,-1.23638741597533,"1"
"402",0.17095599127295,-1.14834756106138,"1"
"403",-0.946173946541586,-1.05800887197256,"1"
"404",0.775800500528784,-1.65417440012097,"1"
"405",-0.786314697654309,-1.47175464145839,"1"
"406",0.250726543315299,-1.69345539994538,"1"
"407",-0.213418345745262,-0.868928815051913,"1"
"408",-0.500801221389556,-0.995482001826167,"1"
"409",1.05885721459909,-0.986767600849271,"1"
"410",-0.48878772026169,-0.958103174716234,"1"
"411",0.336873698669441,-0.974902334436774,"1"
"412",1.09348908209945,-1.63044233880937,"1"
"413",-1.18313080902235,-1.05448303259909,"1"
"414",0.380077381140089,-1.75070702470839,"1"
"415",-0.468430437467261,-1.13726796358824,"1"
"416",0.249211520953931,-1.06188570968807,"1"
"417",-0.720989372051613,-0.744232658296824,"1"
"418",1.20459943734333,-1.56955688521266,"1"
"419",-0.304848587599936,-1.12815264500678,"1"
"420",-0.143656342201749,-1.74744079858065,"1"
"421",-0.738570156485995,-1.12126163728535,"1"
"422",-0.797347122505186,-1.65411196313798,"1"
"423",-0.422819549520469,-0.881291448324919,"1"
"424",-1.03542483392747,-1.43633456975222,"1"
"425",-0.186424991563478,-1.09342180266976,"1"
"426",-0.548789649158873,-1.01536322571337,"1"
"427",-0.0564349584201274,-0.979229783639312,"1"
"428",-0.287069752101316,-1.44439142793417,"1"
"429",-0.981504822033969,-1.3939094286412,"1"
"430",0.651409108263534,-0.953298956900835,"1"
"431",0.872209334252377,-0.784100579842925,"1"
"432",-0.740909268751519,-0.884389722347259,"1"
"433",-0.801027271784396,-0.596201231703162,"1"
"434",-1.15773643927962,-0.807611480727792,"1"
"435",-0.0208269106952681,-1.80456408746541,"1"
"436",0.184398989866102,-1.40979924574494,"1"
"437",-0.987425624073588,-1.60851536057889,"1"
"438",-1.02134794477542,-1.61383005306125,"1"
"439",0.844991376663436,-1.14271510131657,"1"
"440",0.172243828235791,-0.848556296154857,"1"
"441",1.0973706753612,-0.695167529582977,"1"
"442",1.34554082924215,-0.97377644777298,"1"
"443",0.459614387521749,-0.802475942671299,"1"
"444",-1.08621221559686,-1.65658120401204,"1"
"445",-0.729780805498993,-0.835663939639926,"1"
"446",-0.382815041289732,-1.49410866238177,"1"
"447",-0.23277972332834,-1.39613438807428,"1"
"448",0.864571130383529,-1.35884937271476,"1"
"449",-0.186575771425899,-0.884630868211389,"1"
"450",0.784621938272874,-1.53053549453616,"1"
"451",-0.981407861121835,-0.718512381240725,"1"
"452",0.85325232117016,-0.852616660669446,"1"
"453",0.463316494107477,-1.88910004198551,"1"
"454",0.160038819250965,-0.992893300577998,"1"
"455",1.26136859627067,-1.21425062902272,"1"
"456",0.187700710682897,-1.80645031183958,"1"
"457",-0.0325096794882516,-1.31955044046044,"1"
"458",-0.88344797717487,-1.50057248957455,"1"
"459",-0.95006513728584,-1.62481169179082,"1"
"460",-0.0771852462508686,-1.77805315554142,"1"
"461",0.914463261688093,-1.47265551947057,"1"
"462",0.772595468801414,-0.738035176694393,"1"
"463",-0.258218320377531,-1.67234801575542,"1"
"464",0.915729980815982,-1.68918614797294,"1"
"465",1.0452863827809,-1.63323337882757,"1"
"466",-0.545622610331664,-1.03683386966586,"1"
"467",-0.488306867834544,-1.65145343653858,"1"
"468",0.892662194841954,-1.59321934469044,"1"
"469",0.91177694553972,-1.28115965463221,"1"
"470",-1.07737201170594,-1.00571252368391,"1"
"471",-0.186658552145223,-1.56852414421737,"1"
"472",0.403394527796322,-1.49031494483352,"1"
"473",-0.497150254451511,-1.17547733262181,"1"
"474",-1.0592317583971,-1.02367948926985,"1"
"475",-0.0191072817362954,-1.80822209380567,"1"
"476",1.09275310232645,-1.35450686737895,"1"
"477",-1.28919418465803,-1.22092965692282,"1"
"478",-1.07458978690423,-0.674790900573135,"1"
"479",0.229533551006805,-1.66489431783557,"1"
"480",-1.02055724105768,-1.25493842922151,"1"
"481",1.1167131564004,-1.54790912866592,"1"
"482",1.16347534197339,-0.914420500770211,"1"
"483",-0.030992963911437,-1.01218599043787,"1"
"484",0.0176975767269734,-0.989992462098598,"1"
"485",0.901989339599471,-1.70484195165336,"1"
"486",-0.639467538301302,-1.53086786419153,"1"
"487",-0.606599794347904,-0.628122592717409,"1"
"488",-1.17730773016619,-1.41746994256973,"1"
"489",1.04726481161164,-1.61739925593138,"1"
"490",-1.03680526771804,-1.67456281036139,"1"
"491",-0.0840217638562655,-1.75677179656923,"1"
"492",-0.166203564980843,-1.83032103180885,"1"
"493",0.431406145418252,-1.18573529087007,"1"
"494",1.15003734193388,-1.59306477718055,"1"
"495",0.496098055340859,-0.747868040949106,"1"
"496",-0.6624021811007,-0.783834110572934,"1"
"497",-1.28826720110026,-1.18699804395437,"1"
"498",1.07949619005712,-1.43071161396801,"1"
"499",0.750786650142489,-1.18658778779209,"1"
"500",-0.329525717766838,-0.925469601899386,"1"
"501",0.406524175755528,-1.04123441241682,"1"
"502",0.836869809737641,-1.16283625178039,"1"
"503",0.512227004840891,-0.791905142739415,"1"
"504",-0.128850030107551,-1.3278110537678,"1"
"505",0.0976972182243008,-1.11186206378043,"1"
"506",-0.309397901346229,-0.932169185951352,"1"
"507",-0.813994951067086,-1.43354655057192,"1"
"508",0.104856804580644,-1.56756203137338,"1"
"509",-0.856837635463297,-1.42357726357877,"1"
"510",0.386154557789258,-0.889607438072562,"1"
"511",-1.08745160973065,-0.706864506751299,"1"
"512",-0.560975153728983,-1.55990613773465,"1"
"513",-0.955320153388226,-1.12669964469969,"1"
"514",-0.747431849292033,-1.04775518141687,"1"
"515",-1.17101150852747,-0.770607667416334,"1"
"516",-0.0790874745478296,-1.36573056355119,"1"
"517",1.18018080862708,-0.695993093773723,"1"
"518",-0.70186696555481,-0.789373092353344,"1"
"519",-1.08313119016813,-0.752653182297945,"1"
"520",0.210206512611476,-1.62643422782421,"1"
"521",0.714445840402726,-0.764413296803832,"1"
"522",0.417183216109544,-0.737104722484946,"1"
"523",1.07850928159359,-0.930983521044254,"1"
"524",0.254326697571404,-0.775539933890104,"1"
"525",-0.78605152785946,-1.02478401400149,"1"
"526",0.0665260456576893,-1.49253763705492,"1"
"527",-0.156950332645655,-1.89194137938321,"1"
"528",-1.11309011194743,-0.776695408299565,"1"
"529",-0.197657178210061,-1.48690894879401,"1"
"530",-0.680906310301495,-1.7947995390743,"1"
"531",0.559490461981325,-1.11228954307735,"1"
"532",-0.735424446334742,-1.08927131406963,"1"
"533",0.394239681658455,-1.64240705184639,"1"
"534",-0.112263034040839,-1.64607920944691,"1"
"535",0.799612317158448,-1.55620053634048,"1"
"536",0.273191868961061,-1.47486053109169,"1"
"537",0.118843023018638,-1.24462761059403,"1"
"538",-0.069616862542649,-1.57187270373106,"1"
"539",0.457298004565188,-1.65504375062883,"1"
"540",-0.574215037181354,-1.55771677941084,"1"
"541",0.33019940278119,-1.0701552927494,"1"
"542",-0.43821381413564,-1.27928954325616,"1"
"543",0.433297396359437,-1.56611440330744,"1"
"544",0.0899606268606488,-1.24323432557285,"1"
"545",0.726348057702506,-0.900982224568725,"1"
"546",0.409077010734923,-1.64666294306517,"1"
"547",1.10589961889488,-1.22850587517023,"1"
"548",-0.619846426009883,-1.225194279477,"1"
"549",0.573219494616531,-1.37961110621691,"1"
"550",0.441905612218131,-1.59002032652497,"1"
"551",0.524406966563193,-1.24608372561634,"1"
"552",-1.33839772092119,-1.35592559054494,"1"
"553",0.278942782455889,-1.82599936872721,"1"
"554",-0.371150441801353,-1.6351561576128,"1"
"555",0.334829340829893,-1.85806579887867,"1"
"556",1.03373034954226,-1.37041981071234,"1"
"557",1.20478954910847,-0.765372033044696,"1"
"558",-0.805470834170546,-1.69882778339088,"1"
"559",1.17216981061618,-1.06829087361693,"1"
"560",-1.31407310393798,-1.22536960504949,"1"
"561",0.400494988465071,-1.15252158343792,"1"
"562",0.608159964579995,-1.69458211027086,"1"
"563",1.20654870005144,-1.31463702134788,"1"
"564",0.822979051023834,-0.620929411426187,"1"
"565",-0.137797186179224,-1.01213948242366,"1"
"566",-1.20242487447963,-1.25953800715506,"1"
"567",-0.79714738146921,-0.690090449526906,"1"
"568",0.726499461654298,-1.58108354248106,"1"
"569",0.788742263235274,-1.46421709693968,"1"
"570",-0.614058774281052,-1.3338600743562,"1"
"571",-1.2646454767735,-1.37977057434618,"1"
"572",-0.963280917394645,-1.51052974946797,"1"
"573",-0.400294184790435,-0.714527216926217,"1"
"574",-0.10915555228293,-0.841079310700297,"1"
"575",1.18162752563934,-1.1771927729249,"1"
"576",-0.307020197392093,-1.37291493602097,"1"
"577",-0.67493372636006,-1.15799065604806,"1"
"578",-0.988191527699339,-0.669921316578984,"1"
"579",-0.362978631788698,-1.22705820202827,"1"
"580",1.10683660345239,-1.38213825076818,"1"
"581",-0.56505691619614,-1.21470974646509,"1"
"582",0.2889927433716,-1.235774718225,"1"
"583",-0.764148764287868,-1.48006917983294,"1"
"584",-0.759066421777749,-0.831559546664357,"1"
"585",-0.410876545190668,-0.790865134820342,"1"
"586",1.02794182071485,-1.11895199231803,"1"
"587",1.3290487382256,-1.19880325719714,"1"
"588",-0.363590475514751,-1.5100316863507,"1"
"589",-0.501013756906391,-0.669174513965845,"1"
"590",0.61339783833565,-1.0608488894999,"1"
"591",0.455667488691813,-1.75089725032449,"1"
"592",0.091583791843515,-0.880448666214943,"1"
"593",-1.09648395984021,-0.881149416789412,"1"
"594",1.08525340023744,-1.35089719966054,"1"
"595",-0.276981437585141,-1.38180504105985,"1"
"596",0.596716768905445,-1.08922951929271,"1"
"597",1.09764445272914,-1.21833378113806,"1"
"598",-0.980059507600942,-0.858184545114636,"1"
"599",0.254838976985479,-1.58772607520223,"1"
"600",-1.35000147753452,-1.07108167484403,"1"
"601",0.609058227700582,-1.31945483125746,"1"
"602",0.451839698161804,-1.36711350046098,"1"
"603",0.602556265464025,-1.47039033658803,"1"
"604",-1.24029558936068,-1.34565145634115,"1"
"605",-0.951029315791664,-0.765010330826044,"1"
"606",-0.014706973544282,-1.36716984249651,"1"
"607",-0.690514969967426,-1.41434224173427,"1"
"608",-1.05867650828895,-1.14311805218458,"1"
"609",0.0393566191266568,-1.19713666662574,"1"
"610",-0.973665593269617,-1.34058827236295,"1"
"611",0.206411098826026,-1.79344097338617,"1"
"612",-0.278884417773559,-1.26469120085239,"1"
"613",0.511894659085772,-1.15976874567568,"1"
"614",-0.574265543657284,-1.03185342177749,"1"
"615",0.277277961129325,-1.73213915154338,"1"
"616",0.364744900075218,-1.0133453913033,"1"
"617",-0.456398387520984,-1.70389517657459,"1"
"618",-0.953941283713539,-0.8493303950876,"1"
"619",-1.28431640398235,-1.45278664790094,"1"
"620",-0.0827980472107914,-1.6271551117301,"1"
"621",1.09417159583756,-0.906274455040693,"1"
"622",0.906173177008404,-0.645873947441578,"1"
"623",0.983652125426454,-0.917778844386339,"1"
"624",0.53885165908855,-0.886220041289925,"1"
"625",0.700966661493304,-1.81074767559767,"1"
"626",0.80114142499636,-0.837989642843604,"1"
"627",0.277766973427693,-1.62901941724122,"1"
"628",1.25608996792207,-0.810788559168577,"1"
"629",0.227316768691747,-1.75585940517485,"1"
"630",-1.33707330661225,-1.36380048803985,"1"
"631",-0.451712366413984,-1.63318727649748,"1"
"632",-0.532702662208551,-0.736751134693623,"1"
"633",-0.882001722715335,-1.51640814840794,"1"
"634",0.126870973943733,-1.80513987466693,"1"
"635",0.660003688223579,-1.10950438119471,"1"
"636",0.548972014301161,-1.67902945391834,"1"
"637",-0.340284998421527,-1.87823980860412,"1"
"638",-0.563659637831217,-1.35245454162359,"1"
"639",-1.1175799931828,-0.935614781081677,"1"
"640",-0.323485281297897,-1.52192082889378,"1"
"641",0.547528124504579,-1.15324938297272,"1"
"642",0.718827490787747,-1.58112327381968,"1"
"643",-0.713365995170901,-0.760059104859829,"1"
"644",-0.831724820850959,-0.923404375463724,"1"
"645",0.437237673484367,-1.12207617461681,"1"
"646",-0.286845434789183,-1.89666265696287,"1"
"647",-0.614768188087554,-1.16666964106262,"1"
"648",0.0736826160145645,-1.69113160297275,"1"
"649",-0.474301095677477,-0.857105955481529,"1"
"650",-0.675098300414068,-0.649363471567631,"1"
"651",0.516733150675673,-1.1254331599921,"1"
"652",-0.576064010933178,-1.51132069267333,"1"
"653",0.348002474615394,-1.10494477897882,"1"
"654",0.866629012538179,-1.23622496165335,"1"
"655",0.243785880633838,-1.6295645840466,"1"
"656",0.0112862637960058,-1.72385830245912,"1"
"657",-1.21130889826732,-1.21900487989187,"1"
"658",-0.651489039061227,-1.69331277497113,"1"
"659",0.88344295202282,-1.72290659584105,"1"
"660",-0.480386192163495,-1.02917544916272,"1"
"661",0.465957486576167,-0.818627281859517,"1"
"662",-0.756005134959425,-1.7977710865438,"1"
"663",0.119933182592374,-1.80592739470303,"1"
"664",-0.682430358604055,-1.22101538367569,"1"
"665",0.39764599777795,-1.05584676899016,"1"
"666",-0.920437377308329,-1.49285755045712,"1"
"667",-0.806185324379681,-0.835613853111863,"1"
"668",-0.68188342211887,-0.773745482414961,"1"
"669",0.423503699384771,-0.701201850548387,"1"
"670",-0.785998894159986,-0.593801395595074,"1"
"671",-1.2564719612193,-1.4748808324337,"1"
"672",-0.603488821062971,-0.926736236736178,"1"
"673",0.35586049547624,-1.41897496059537,"1"
"674",0.87247600790034,-1.42270049080253,"1"
"675",-0.275130659034324,-1.00905905999243,"1"
"676",1.32446187921081,-1.35491149537265,"1"
"677",-0.605523336844456,-0.861591344699264,"1"
"678",1.10016736061207,-1.46124861203134,"1"
"679",-0.739042668691768,-1.17550230063498,"1"
"680",0.150658443303007,-0.993539784476161,"1"
"681",-0.496669487009508,-0.916355045884848,"1"
"682",0.350056875622884,-1.29117608591914,"1"
"683",0.457448980347556,-1.3369656521827,"1"
"684",-1.16326326706305,-1.27218913212419,"1"
"685",-0.741911664622081,-1.14532237239182,"1"
"686",0.49748719070184,-1.65033782348037,"1"
"687",0.933135062683799,-1.76376830749214,"1"
"688",-0.595022512228512,-0.833237543329596,"1"
"689",-0.812901343432009,-0.783202163502574,"1"
"690",1.0202090984458,-1.28788542449474,"1"
"691",0.0944550836701752,-1.86295219659805,"1"
"692",0.0429555524511631,-1.07944882288575,"1"
"693",-1.31081525816099,-1.1136647682637,"1"
"694",0.711803602350259,-0.682447585463524,"1"
"695",0.826880286882256,-0.66456336453557,"1"
"696",0.446911516106324,-1.82463269755244,"1"
"697",-0.79196220109725,-1.20936344601214,"1"
"698",0.646290913700369,-1.65945209749043,"1"
"699",1.14727265780621,-0.943535712361336,"1"
"700",-0.00817570765188957,-1.28604781851172,"1"
"701",-0.44109769998202,-0.789865685626864,"1"
"702",0.937072094803493,-1.75532056987286,"1"
"703",0.779927085847147,-1.73261183723807,"1"
"704",-0.552171084742425,-1.59252012595534,"1"
"705",1.23319252071947,-1.50232651047409,"1"
"706",0.454740934600951,-0.67754828594625,"1"
"707",0.632333378072546,-1.72627393789589,"1"
"708",-0.329499816111694,-1.51786616481841,"1"
"709",0.611177982283126,-1.17116070650518,"1"
"710",-0.320888824936647,-1.31669948250055,"1"
"711",0.41282813817843,-1.60519214570522,"1"
"712",-0.282244751091957,-0.806255369633436,"1"
"713",1.13272621406111,-1.47334739454091,"1"
"714",0.924851363567192,-1.067208269611,"1"
"715",0.868376412176703,-0.745268896594644,"1"
"716",-0.163564983235755,-1.25515944808722,"1"
"717",0.43239725902451,-1.69178522415459,"1"
"718",-0.516019312451797,-0.757405875995755,"1"
"719",1.11591874966588,-1.14045655354857,"1"
"720",-1.0207746946842,-1.37358794547617,"1"
"721",0.83731952451659,-0.995774080231786,"1"
"722",-0.459225721268926,-1.01881139613688,"1"
"723",0.140697258127288,-1.28141136281192,"1"
"724",0.735670480270277,-1.18770802170038,"1"
"725",-0.825318292388926,-0.836903353407979,"1"
"726",-0.868948845502305,-1.24695602506399,"1"
"727",-0.787929122791007,-1.02829783707857,"1"
"728",-0.882771150953931,-1.49852186329663,"1"
"729",-0.157014851939074,-1.30552317015827,"1"
"730",-1.04776944690403,-1.10166087634861,"1"
"731",-1.14361252220383,-1.59014913104475,"1"
"732",-1.24938332902382,-0.881553328409791,"1"
"733",-0.590720910712145,-1.35987144783139,"1"
"734",0.598956346701104,-1.0608719740063,"1"
"735",0.374810554697777,-1.0101658474654,"1"
"736",-1.07599956197764,-0.960147121176124,"1"
"737",-0.127284776336671,-1.55639894083142,"1"
"738",1.23841558759797,-1.29071071557701,"1"
"739",0.519486718616876,-1.64584867209196,"1"
"740",1.06009677286449,-1.3545356631279,"1"
"741",-0.828923587273076,-0.743043773248792,"1"
"742",-0.137991526441792,-1.79994846917689,"1"
"743",1.19716464509015,-1.53482078313828,"1"
"744",0.980615559553653,-0.878098021820187,"1"
"745",0.47992424406513,-1.43504836820066,"1"
"746",0.396616225013958,-1.08923551030457,"1"
"747",-0.768177083426097,-1.44895626753569,"1"
"748",0.321049891893833,-1.30256906934083,"1"
"749",-1.0308360234981,-1.43819537013769,"1"
"750",1.01911710812341,-0.949018385633826,"1"
"751",1.06910442538323,-0.964219740405679,"1"
"752",-0.0743603186853381,-1.59828097634017,"1"
"753",1.03951792212462,-1.14111070819199,"1"
"754",0.928850784513055,-1.15079863779247,"1"
"755",-0.61476596030907,-0.686879873648286,"1"
"756",0.697190734606548,-1.73036390393972,"1"
"757",0.0333197714959725,-1.43834535963833,"1"
"758",-0.861767391365778,-1.77737630754709,"1"
"759",-0.752117352054535,-0.914542227983475,"1"
"760",-0.427527127011709,-1.76177281364799,"1"
"761",0.484432017592463,-1.4020000398159,"1"
"762",-0.950821853433754,-0.893363054469228,"1"
"763",0.871151858926695,-1.72939141094685,"1"
"764",1.14427168643606,-1.04625540748239,"1"
"765",-1.16105883548963,-1.29190287180245,"1"
"766",-0.719150172239988,-1.21657617278397,"1"
"767",0.499721699879765,-1.51482970193028,"1"
"768",0.570508786434602,-1.28927273564041,"1"
"769",-1.17647342323135,-1.28339775726199,"1"
"770",-0.859609538786941,-0.601849655434489,"1"
"771",0.977649755814212,-1.18827563785017,"1"
"772",0.632578061976915,-1.07946317084134,"1"
"773",-1.29927115463071,-1.12634932734072,"1"
"774",-1.22656457871248,-0.983458625525236,"1"
"775",-0.82135848944081,-0.893592685088515,"1"
"776",-0.540397196954969,-1.64715851582587,"1"
"777",-0.761131112474971,-1.36495360396802,"1"
"778",-0.600290650426238,-0.623967937380075,"1"
"779",0.0623156331998822,-1.33987281545997,"1"
"780",1.12354397351379,-1.63208646178246,"1"
"781",0.745817753716043,-1.26580755338073,"1"
"782",0.201823328329362,-1.55382018499076,"1"
"783",0.704786167593714,-1.51199977621436,"1"
"784",0.186267925395434,-1.43976670354605,"1"
"785",-0.780569035722332,-0.705619185045361,"1"
"786",-1.13891994491472,-1.47467594370246,"1"
"787",0.289694392390485,-1.28244932107627,"1"
"788",-1.35277747117364,-1.0760384015739,"1"
"789",0.573154336312684,-1.78182325772941,"1"
"790",1.01297744274187,-1.26260316073895,"1"
"791",-0.121646061395514,-1.08976445049047,"1"
"792",-0.224563304549192,-0.93295415751636,"1"
"793",0.813090651406371,-0.764651646837592,"1"
"794",1.38408621587344,-1.03065247163177,"1"
"795",0.0825472787594206,-0.994179252907634,"1"
"796",0.0306706872739233,-1.32773847617209,"1"
"797",0.457517542598319,-0.932719283550978,"1"
"798",0.252097753298499,-1.02961932048202,"1"
"799",1.03687736106906,-1.22127974256873,"1"
"800",1.19673010437607,-1.54223967790604,"1"
"801",0.358079968771249,0.892062719166279,"2"
"802",-1.18585010913737,1.30075449123979,"2"
"803",1.16043946441537,1.1074471347034,"2"
"804",-0.0504163559968087,1.54997816309333,"2"
"805",0.00129666114540972,1.33791486732662,"2"
"806",-0.354102616715451,0.792448786646128,"2"
"807",-0.442031966961176,1.67756604067981,"2"
"808",-0.885148079013173,0.614503430575132,"2"
"809",0.676308092470902,0.920605230331421,"2"
"810",0.118198504775655,0.878745668753982,"2"
"811",-0.0959769191153061,1.63738989233971,"2"
"812",0.683044142716084,1.07186278477311,"2"
"813",0.971933876309333,1.67511014901102,"2"
"814",-0.401619447004581,1.22304890714586,"2"
"815",0.700735290414292,1.73999859020114,"2"
"816",-0.68730469705707,0.966382831335068,"2"
"817",1.37923850566611,1.0780510738492,"2"
"818",0.862204033353742,0.868888784572482,"2"
"819",-0.552027243170887,0.651053717359901,"2"
"820",1.2828900782145,1.09699201583862,"2"
"821",-0.0726913265993461,1.18345085270703,"2"
"822",0.801628595517466,0.770283299684525,"2"
"823",0.642414341049471,1.28879501707852,"2"
"824",-0.137672200929592,1.742865357548,"2"
"825",-0.40238521569209,1.69360802769661,"2"
"826",0.563308688763397,1.32817544490099,"2"
"827",1.10281627032265,0.707269484549761,"2"
"828",0.22959721915131,1.02231214158237,"2"
"829",0.679573975506966,1.80395374968648,"2"
"830",0.399901773352641,0.741342399269343,"2"
"831",-0.396324309481006,1.56115796007216,"2"
"832",-0.0151771009761155,1.10810713469982,"2"
"833",0.83292790427142,1.67659510374069,"2"
"834",-0.0607867180382107,1.85095228403807,"2"
"835",0.362754826333649,0.83429980352521,"2"
"836",-0.796979673344771,1.02498801909387,"2"
"837",0.643650332533822,1.16469916142523,"2"
"838",-0.417371330399453,1.16408086270094,"2"
"839",-0.64558086542463,1.06035754531622,"2"
"840",1.01614923230346,1.26972577050328,"2"
"841",-0.0540643523472943,1.8400643799454,"2"
"842",-1.01745260013902,0.637667838484049,"2"
"843",0.177889597592567,1.04874172322452,"2"
"844",-1.1249463088191,1.0941510040313,"2"
"845",-0.331876136948845,1.07330049611628,"2"
"846",-1.3056540312733,1.20780835971236,"2"
"847",0.184567216335039,1.3555523570627,"2"
"848",-0.514677663674828,0.665684232488275,"2"
"849",0.0705000540995362,1.23668066225946,"2"
"850",-0.377575136973024,0.713241862133145,"2"
"851",1.00798132317375,1.13012564554811,"2"
"852",0.637819518732154,1.160388052091,"2"
"853",-0.725261377978447,1.61843773946166,"2"
"854",-0.502792172229702,0.835938340052962,"2"
"855",-1.16727918226283,0.998515961691737,"2"
"856",0.312017986172231,0.838942484557629,"2"
"857",-0.603804597310149,1.63469713777304,"2"
"858",-0.454043046985576,1.5884279191494,"2"
"859",0.728473107313585,1.10269868783653,"2"
"860",0.771165279777636,1.50837042815983,"2"
"861",0.768438812365963,1.34817667603493,"2"
"862",0.963794484560698,0.960429099947214,"2"
"863",0.376517538386448,1.23313007280231,"2"
"864",0.321201031807814,1.19518784433603,"2"
"865",0.357081059237778,1.80632556527853,"2"
"866",0.573819886756734,0.676018787920475,"2"
"867",-0.0673172677199314,1.88270311802626,"2"
"868",-0.349965786470523,1.28879371844232,"2"
"869",0.660541167354441,0.654605568572879,"2"
"870",0.634752112334784,1.49132585711777,"2"
"871",-0.588738149585332,1.10134174972773,"2"
"872",0.281613683856281,1.08645095601678,"2"
"873",1.11408480985075,1.2447230335325,"2"
"874",-0.650591091229032,1.778439424932,"2"
"875",-1.07825589936252,1.40776980146766,"2"
"876",-1.08234498417555,1.17343531325459,"2"
"877",-0.170887598992475,1.38191815279424,"2"
"878",0.813582868487998,0.605012691020966,"2"
"879",0.374311974110281,1.4699975233525,"2"
"880",0.142919716930912,1.33639007657766,"2"
"881",-1.11465617015783,1.59765368103981,"2"
"882",0.783122599887231,1.51444250494242,"2"
"883",1.28261117319335,1.32910298332572,"2"
"884",-0.99898147047467,1.45155624784529,"2"
"885",-0.284356936806831,1.71740794554353,"2"
"886",-0.837426104968434,1.29256188161671,"2"
"887",-0.0850254260703345,1.27641951367259,"2"
"888",1.13114589002401,1.14649078324437,"2"
"889",0.587776302656641,0.957078756764531,"2"
"890",0.936448803384041,1.29432404972613,"2"
"891",-0.961082038400155,1.72842508107424,"2"
"892",-0.456391032089285,0.79294844456017,"2"
"893",-0.815085444093979,1.58316635452211,"2"
"894",-1.33147346491354,1.13020903728902,"2"
"895",0.0165865938469503,1.12459651716053,"2"
"896",-1.2903832053079,1.03845140822232,"2"
"897",0.510841305863902,1.50236094817519,"2"
"898",-1.14581017118434,0.966473931446672,"2"
"899",-0.612593856824593,1.38549620471895,"2"
"900",0.712742705697674,0.903496721759439,"2"
"901",0.164071797651009,1.47275781817734,"2"
"902",0.0184277671303714,1.25501140803099,"2"
"903",-0.75342420363222,0.851205187290907,"2"
"904",0.389020297036988,0.782427302002907,"2"
"905",-1.07507983135041,1.32554903179407,"2"
"906",-0.778593205750245,1.07591977119446,"2"
"907",-0.423521056464954,0.747884498909116,"2"
"908",0.0378226989239234,1.84357593171299,"2"
"909",0.819929679641568,0.920240410417319,"2"
"910",-0.0879416198946694,1.46226267367601,"2"
"911",-0.90458236865911,1.01940050907433,"2"
"912",1.19850040069887,0.76433404609561,"2"
"913",0.692869293276084,1.50855960063636,"2"
"914",0.143742051340432,1.19860490113497,"2"
"915",-0.322548506283907,1.75684170387685,"2"
"916",-1.33079658290083,0.891947727650404,"2"
"917",1.13659906942292,1.24632328003645,"2"
"918",-0.033178229713231,0.930378588289023,"2"
"919",0.111219336688207,1.20133035331965,"2"
"920",-0.295849153339159,1.0981814045459,"2"
"921",-0.462192718044078,1.06682130992413,"2"
"922",-1.07574369376894,1.07220549471676,"2"
"923",-0.531852097161721,0.790192358568311,"2"
"924",0.315819269771229,1.45828879661858,"2"
"925",0.829999556922878,1.13142558522522,"2"
"926",-0.701002540144753,0.927495613694191,"2"
"927",0.619511099287341,0.953453949093819,"2"
"928",-0.0149162186439729,1.49175928011537,"2"
"929",-0.24866142704362,1.12522834986448,"2"
"930",-0.770468487237998,1.10575023218989,"2"
"931",-1.29427062880997,1.30647962354124,"2"
"932",1.25879502686258,1.49321996793151,"2"
"933",0.267843487272214,1.87635390795767,"2"
"934",-0.0302228058385972,1.80028962604702,"2"
"935",1.09928333282733,1.04299024380744,"2"
"936",-0.0860297136712584,1.73780793696642,"2"
"937",-0.138297826521143,1.54639271572232,"2"
"938",1.02893156223273,1.59774441421032,"2"
"939",0.40676940525154,1.46811839453876,"2"
"940",-0.583841425007635,1.47140353173018,"2"
"941",-0.795963347695637,1.68909516371787,"2"
"942",0.756406205150693,1.00352913811803,"2"
"943",0.514447757454237,1.03100153692067,"2"
"944",1.25407361625526,0.930036388337612,"2"
"945",-0.375395837647269,1.20662524662912,"2"
"946",0.80023061261922,1.69871627762914,"2"
"947",0.61969866149819,0.96254700422287,"2"
"948",-0.459490618662524,1.60757926627994,"2"
"949",1.05608929130486,1.22499316968024,"2"
"950",0.950114039423915,1.39327411949635,"2"
"951",0.502722595347155,1.20032503828406,"2"
"952",-0.0433746200305247,1.00818021707237,"2"
"953",-0.52547406337481,1.2897143099457,"2"
"954",0.128684005467436,1.48507858850062,"2"
"955",1.03972661384777,0.895087553933263,"2"
"956",0.485787837479861,1.78990460112691,"2"
"957",-0.647971906207562,0.812353036180139,"2"
"958",-0.514264001410064,1.56593256369233,"2"
"959",-0.936621858436339,1.1449438713491,"2"
"960",-1.0884421251972,1.65970389842987,"2"
"961",-0.84648787810228,1.04378114044666,"2"
"962",-0.789644699710256,1.82854479290545,"2"
"963",-0.302213553173646,1.89139224477112,"2"
"964",0.573436155480885,1.39266172982752,"2"
"965",-0.610890463271663,1.51062852777541,"2"
"966",-0.264018762694772,1.20011715777218,"2"
"967",0.588237826478032,1.0925748500973,"2"
"968",-1.01512188583286,0.700669277831912,"2"
"969",1.01030700129924,0.841249285638332,"2"
"970",1.02825078063455,1.55934038385749,"2"
"971",0.775810316637185,0.861510058492422,"2"
"972",-0.464869978409148,1.23583840690553,"2"
"973",-1.05736469578463,0.956613336130977,"2"
"974",0.0881343908514274,1.34004752747715,"2"
"975",0.224053428073819,1.39363425560296,"2"
"976",-0.660920280887934,1.82108714357018,"2"
"977",0.373020144791939,1.71117612756789,"2"
"978",-0.459327611968102,1.73525275476277,"2"
"979",-1.37657542289888,1.06923858933151,"2"
"980",-0.558531309276292,1.14824206195772,"2"
"981",-1.19964723757817,1.57704739496112,"2"
"982",-0.517162759656489,0.973917626589537,"2"
"983",-0.590278934122411,0.720187615603209,"2"
"984",0.116283908869776,0.871432333439589,"2"
"985",0.122549830385641,1.62884473241866,"2"
"986",-0.26105472028864,1.70759739466012,"2"
"987",-0.00745419611295395,1.59521796740592,"2"
"988",0.655228155703668,1.1220521427691,"2"
"989",0.254724538327234,1.8323064237833,"2"
"990",0.203692768579621,1.66881076954305,"2"
"991",-0.952563067970336,1.29288856014609,"2"
"992",0.601601302331926,0.809760197252035,"2"
"993",1.24038902371374,1.26919088177383,"2"
"994",-1.2832387333322,0.807018821686506,"2"
"995",0.555013874757806,1.64514111205935,"2"
"996",0.0152758076517621,1.13825392015278,"2"
"997",0.934303419617804,0.955972098559141,"2"
"998",0.691794211753464,0.599233782291412,"2"
"999",-0.778433586784199,1.61391446180642,"2"
"1000",-0.936254879613548,0.668374909833074,"2"
"1001",0.431575876967586,1.81638008207083,"2"
"1002",0.639375187995367,0.777848847582936,"2"
"1003",-0.551803178867958,1.43649026155472,"2"
"1004",-0.748064484536037,0.759235005453229,"2"
"1005",1.04623934389658,1.21277150288224,"2"
"1006",0.964250401308869,1.45649051293731,"2"
"1007",-1.18665029032043,1.47058385834098,"2"
"1008",-0.672883588233298,1.80735570006073,"2"
"1009",-0.598826606824648,0.786832186952233,"2"
"1010",-0.560914598246437,1.76196705773473,"2"
"1011",0.814616479855745,0.98477051332593,"2"
"1012",-1.1797714819021,1.291278353706,"2"
"1013",0.243414805008156,1.89316607899964,"2"
"1014",0.802192516056443,1.33476988188922,"2"
"1015",-0.555991882487262,1.78922374770045,"2"
"1016",0.264470873276266,1.38959195241332,"2"
"1017",-0.917823741622081,0.706463904678822,"2"
"1018",0.535527793478929,0.958969761803746,"2"
"1019",0.473290220106108,1.40498287789524,"2"
"1020",-0.0973241263098799,1.5525558706373,"2"
"1021",1.16387631744839,1.02294655814767,"2"
"1022",-1.2821514736332,0.796059683337808,"2"
"1023",-0.617116213413239,0.960945589095354,"2"
"1024",-0.748287390835298,1.18560611158609,"2"
"1025",-0.69202067640013,0.650161047279835,"2"
"1026",0.158679515621442,1.01095435805619,"2"
"1027",-1.30653031503016,1.02072855010629,"2"
"1028",-1.22873749117767,1.55269102863967,"2"
"1029",0.240338909827599,1.69027508869767,"2"
"1030",0.458932024940418,1.50810195617378,"2"
"1031",0.347023088958885,1.85232534892857,"2"
"1032",-0.619819322885388,1.26721127219498,"2"
"1033",-0.177013668048596,1.71469942815602,"2"
"1034",-0.565872623710722,0.889611139521003,"2"
"1035",-0.788139304673497,1.17454787865281,"2"
"1036",0.181961427826586,1.73849475979805,"2"
"1037",-0.975121992749517,0.661505030840635,"2"
"1038",-1.03993070988577,1.05876551456749,"2"
"1039",0.33217369004587,1.08987899906933,"2"
"1040",-0.79218789374147,0.920185147970915,"2"
"1041",0.613899213053004,0.683738188818097,"2"
"1042",-1.31081297653696,0.996328065916896,"2"
"1043",-0.0680945301614904,1.84834566935897,"2"
"1044",0.434132198284074,1.71532134599984,"2"
"1045",0.0118821828632185,1.14530955925584,"2"
"1046",-0.149510142214034,1.31108964942396,"2"
"1047",-0.535600726950258,1.27936499007046,"2"
"1048",-0.157519370457982,1.24031018614769,"2"
"1049",-1.06808275410372,0.860918279737234,"2"
"1050",-0.742696390186437,1.01597273424268,"2"
"1051",0.724422424756628,1.00017108768225,"2"
"1052",0.496218586331006,1.75512817502022,"2"
"1053",0.906211626622618,1.6098395075649,"2"
"1054",0.690693377137515,1.70904210321605,"2"
"1055",-0.752802918770384,1.77752301096916,"2"
"1056",-1.34968152339175,1.19212192408741,"2"
"1057",0.206475464367698,1.89066457003355,"2"
"1058",-0.950453165176978,1.06961012594402,"2"
"1059",0.488905440254698,1.82859277613461,"2"
"1060",-0.870813695257352,1.55796893201768,"2"
"1061",0.0603510718685265,1.24496620483696,"2"
"1062",1.19895730872413,0.925287348404527,"2"
"1063",-0.730119640615841,1.08771194256842,"2"
"1064",0.764465911974684,0.663405009359122,"2"
"1065",-0.506837177000608,1.20879824385047,"2"
"1066",0.235311707754304,1.77561999373138,"2"
"1067",0.182041879563744,1.29331533871591,"2"
"1068",-1.00150312369144,1.2469410058111,"2"
"1069",1.01281268120156,0.928357337415219,"2"
"1070",0.154264617880699,1.36526249088347,"2"
"1071",1.09751557892266,1.3993407715112,"2"
"1072",0.612846127112654,1.68733455054462,"2"
"1073",-1.09414540743865,1.60242175348103,"2"
"1074",0.792851690637109,1.01996588781476,"2"
"1075",-0.353209200991728,1.73389118127525,"2"
"1076",-1.31983835721605,0.858774387836456,"2"
"1077",0.244097630142212,1.53182416968048,"2"
"1078",0.691973520674309,1.68147262558341,"2"
"1079",0.60563523892324,1.30868074856699,"2"
"1080",-1.25080850132919,0.767860266193748,"2"
"1081",0.830726026793485,1.31077642664313,"2"
"1082",1.04823677825978,1.28860175982118,"2"
"1083",0.23071383245925,0.791589397192001,"2"
"1084",-0.630494159447417,1.66680941209197,"2"
"1085",-1.15156099190913,0.860014985501766,"2"
"1086",-1.02604722810594,0.743819098547101,"2"
"1087",-0.096939647683765,1.76445654779673,"2"
"1088",-1.0223833881893,1.12752382531762,"2"
"1089",-0.882853000080388,0.782207310944796,"2"
"1090",-1.08923852681198,1.40394160710275,"2"
"1091",0.231604879627571,1.20133404843509,"2"
"1092",1.05181806451663,1.44491137936711,"2"
"1093",-1.00558863069483,1.52963872849941,"2"
"1094",0.431727975072837,1.01061438582838,"2"
"1095",0.53692805864995,1.40321581698954,"2"
"1096",0.372188197978866,1.16746129132807,"2"
"1097",-0.662912744593375,1.57724911496043,"2"
"1098",1.16399545623917,1.22984499260783,"2"
"1099",1.28656069553411,1.14805164970458,"2"
"1100",-0.466289476820916,1.60570932328701,"2"
"1101",-0.0453935478500349,0.995878703519702,"2"
"1102",1.11204158406521,0.668442343175411,"2"
"1103",-0.54629943914757,0.949579339101911,"2"
"1104",0.100238124144066,1.31357713341713,"2"
"1105",-0.953715234910208,0.692423913255334,"2"
"1106",-0.755708317535318,0.664625196531415,"2"
"1107",0.132763783434189,1.22590889632702,"2"
"1108",-0.769157867769388,1.13934631757438,"2"
"1109",-0.563119446311932,1.83139529936016,"2"
"1110",0.462896542942123,0.86036208756268,"2"
"1111",0.52123213505248,1.13114999607205,"2"
"1112",0.315817666730858,1.87991600185633,"2"
"1113",0.911852261838764,0.763921725004912,"2"
"1114",0.352387672319214,0.730583004653454,"2"
"1115",-0.747966640037911,1.03092063814402,"2"
"1116",-0.551615990980984,1.0941722754389,"2"
"1117",0.353573904677901,1.69339900575578,"2"
"1118",-0.590426319120298,0.786855349689722,"2"
"1119",1.22982528933216,1.10703220926225,"2"
"1120",-0.706657229697849,0.97238477319479,"2"
"1121",0.603938568927738,1.31523970067501,"2"
"1122",-0.778595018334137,1.68881139345467,"2"
"1123",0.651123767077455,0.986186769604683,"2"
"1124",-0.691098883423506,0.983696825057268,"2"
"1125",-0.254813711745796,1.12519677579403,"2"
"1126",0.981146304747222,1.68793043494225,"2"
"1127",-0.197045047740244,1.24589265398681,"2"
"1128",0.700120797227748,1.2202167712152,"2"
"1129",-0.0634843430492913,0.929818509891629,"2"
"1130",0.282067996915339,1.00886856950819,"2"
"1131",1.36659025634301,1.04591862000525,"2"
"1132",-1.24778397804579,1.25200241655111,"2"
"1133",0.0418461375794676,1.3647772885859,"2"
"1134",0.822496230963565,1.69201485589147,"2"
"1135",0.624457655001013,1.5084560919553,"2"
"1136",0.627481103319663,0.916294882073999,"2"
"1137",-0.215579216269792,1.26120979078114,"2"
"1138",-1.22971083121167,1.3694454729557,"2"
"1139",-0.506746464767088,0.740689389407635,"2"
"1140",-1.1337463938838,1.59798376224935,"2"
"1141",0.0735966635978003,1.64889332726598,"2"
"1142",1.00438773158717,0.851778465136886,"2"
"1143",-1.15891289315692,0.710498681291938,"2"
"1144",-0.391493599546003,1.82763899341226,"2"
"1145",-0.93445896318943,1.00113776028156,"2"
"1146",1.19535002998832,0.944188665226102,"2"
"1147",-0.878700203008421,0.964756573364139,"2"
"1148",0.579586165695186,0.988182433694601,"2"
"1149",-0.245054013369566,1.5904692016542,"2"
"1150",-1.35249261200253,1.01339102163911,"2"
"1151",1.0449724515547,0.72104156203568,"2"
"1152",-0.136891627959901,1.0199444975704,"2"
"1153",-0.863999616324703,1.24321147464216,"2"
"1154",-0.568640034499128,1.34776884242892,"2"
"1155",1.091182172067,1.53136624880135,"2"
"1156",-0.117577962722894,0.976768989115954,"2"
"1157",-1.30668973288632,0.989957673847675,"2"
"1158",1.30278785671999,1.12766224034131,"2"
"1159",-0.41897151630786,1.65114845000207,"2"
"1160",1.03452168513427,1.40742305628955,"2"
"1161",-0.212914734167042,1.00432651787996,"2"
"1162",1.19790051652331,0.83025613874197,"2"
"1163",0.213017118558538,1.21926453970373,"2"
"1164",-0.809425232452806,0.82071832716465,"2"
"1165",-1.21557226944412,1.00311249755323,"2"
"1166",0.295666995794167,1.88930237479508,"2"
"1167",-1.09967650978015,1.10204241909087,"2"
"1168",0.913753975683675,0.647430964559317,"2"
"1169",-0.858844583621336,0.715928308293224,"2"
"1170",0.797900964195434,0.704418923333287,"2"
"1171",-0.499596638727372,1.23906402923167,"2"
"1172",0.0154523341200963,1.08214840255678,"2"
"1173",-0.152238610344649,0.948943597823382,"2"
"1174",0.96445940377922,1.22904168926179,"2"
"1175",-0.126035615398845,1.66588779240847,"2"
"1176",1.05194914469313,1.48950430750847,"2"
"1177",1.0915568936202,1.050579219684,"2"
"1178",-0.742192426341555,1.32397901788354,"2"
"1179",-0.840926828553322,1.23147190958261,"2"
"1180",0.8734873564043,1.30374047383666,"2"
"1181",-1.06257791346892,0.934473890066147,"2"
"1182",-0.4895777739404,1.47218025922775,"2"
"1183",0.955175942034004,0.715482306480408,"2"
"1184",0.901078690705202,1.43264449127018,"2"
"1185",0.276064561420728,1.45346798077226,"2"
"1186",-1.26343368334898,0.931385547667742,"2"
"1187",-0.758259005828924,1.70459823571146,"2"
"1188",-0.235475230198259,1.7670521914959,"2"
"1189",0.611855330741013,1.00048120245338,"2"
"1190",0.443896924407321,1.45131243057549,"2"
"1191",0.209993748088874,1.42497289851308,"2"
"1192",1.07549977473086,0.913278901949525,"2"
"1193",-1.15885258808861,1.0484397444874,"2"
"1194",-1.0804932448385,0.99189876653254,"2"
"1195",0.901008409938072,1.70726144313812,"2"
"1196",0.0182045500839079,1.44927482046187,"2"
"1197",-1.10371193458458,1.45340754725039,"2"
"1198",0.933738420221629,0.835691085830331,"2"
"1199",-0.757151965351303,1.74202233962715,"2"
"1200",-1.13665480345827,0.899578136578202,"2"
"1201",0.373931670784785,0.791095149889588,"2"
"1202",-0.515986551003498,0.897861596569419,"2"
"1203",1.36661753138401,0.97682055272162,"2"
"1204",1.32803893307779,1.30515752211213,"2"
"1205",-1.15990242188757,0.786032250896096,"2"
"1206",0.266030133972702,1.13764436841011,"2"
"1207",-0.0958683522168338,0.862908168882132,"2"
"1208",-0.363418027035803,1.6355630852282,"2"
"1209",-1.17369174207506,1.04114814139903,"2"
"1210",-1.03558694406107,1.62995873838663,"2"
"1211",-0.0598027931370733,1.05274570956826,"2"
"1212",0.230259732836162,1.13483811058104,"2"
"1213",0.593286440914942,0.735285534337163,"2"
"1214",0.153550898376527,0.942682058364153,"2"
"1215",-0.502694660535991,1.16766653843224,"2"
"1216",-0.546270049209108,1.00437798574567,"2"
"1217",-1.05220141433245,1.41292697414756,"2"
"1218",-0.225206762748482,1.15548052974045,"2"
"1219",0.0484774141180231,1.6371944244951,"2"
"1220",-0.902770694951472,1.64961986653507,"2"
"1221",-1.2144008926182,0.924186844751239,"2"
"1222",-0.846173440857662,1.65091082267463,"2"
"1223",-0.888420851035762,1.59426194503903,"2"
"1224",1.0648066793379,1.2867706682533,"2"
"1225",-0.72162505897587,1.08327056318522,"2"
"1226",0.581733910231925,1.02415644526482,"2"
"1227",1.16801904799772,1.39028240107,"2"
"1228",-0.571698483073169,0.814398378506303,"2"
"1229",-1.22658081282104,1.4594545032829,"2"
"1230",-0.996580956767618,1.28041343390942,"2"
"1231",-0.100214154441259,1.39311703369021,"2"
"1232",0.818299269513066,1.6565848197788,"2"
"1233",0.205659820429788,1.52385833524168,"2"
"1234",1.01690525235169,1.40231920368969,"2"
"1235",0.578368425905616,1.36985601037741,"2"
"1236",0.857274380601168,1.2460237827152,"2"
"1237",0.390411801602111,1.67788048833609,"2"
"1238",0.750602739697827,1.46358819529414,"2"
"1239",-0.722687488740772,1.81170713230968,"2"
"1240",0.376836762046225,1.64972573854029,"2"
"1241",0.690014070128888,1.50010315328836,"2"
"1242",-1.09213876483788,1.53258166760206,"2"
"1243",0.653766906231936,1.79035743623972,"2"
"1244",-0.0268053547191291,1.27758147343993,"2"
"1245",0.707846661649863,1.49870688281953,"2"
"1246",-0.338447249844751,1.83751129843295,"2"
"1247",0.263504876347876,1.28399273306131,"2"
"1248",1.25351329752937,1.17713102884591,"2"
"1249",-1.0543730974324,1.4990400724113,"2"
"1250",-0.929551348187325,1.06713058054447,"2"
"1251",-1.04317214834021,1.37579084597528,"2"
"1252",-0.937004949404277,0.637290412560105,"2"
"1253",-0.568374001807817,0.793958907946944,"2"
"1254",-0.407066199320951,0.951716996356845,"2"
"1255",-0.979360014998971,0.835718361660838,"2"
"1256",0.769592708202067,1.18976412601769,"2"
"1257",0.373065853175361,1.17696840018034,"2"
"1258",0.672420101968716,1.36668274514377,"2"
"1259",-0.816540811426072,1.65078371539712,"2"
"1260",0.934174599008126,0.818026796355844,"2"
"1261",0.323395889902174,1.69694870561361,"2"
"1262",-0.492079403100475,0.773489372432232,"2"
"1263",-0.861670059373477,1.19710249751806,"2"
"1264",0.317991049533672,1.47672875411808,"2"
"1265",-0.635671923405971,1.54577578194439,"2"
"1266",0.616783879335469,0.695558647438884,"2"
"1267",-0.783508478497611,0.614072716981173,"2"
"1268",-1.25408875528808,1.3290080934763,"2"
"1269",-1.2583434677114,0.88621318526566,"2"
"1270",1.08829736111517,0.704434081912041,"2"
"1271",-0.598143352223686,1.86844762600958,"2"
"1272",0.781821382629912,0.957785567641258,"2"
"1273",-0.489208083377928,1.18474876843393,"2"
"1274",-0.947831492880402,1.27342654466629,"2"
"1275",1.22346921479799,1.0116716299206,"2"
"1276",-0.819468294650869,0.62727409414947,"2"
"1277",0.759306895349455,1.0399799130857,"2"
"1278",-0.462649316619618,1.78983431831002,"2"
"1279",-0.812531291520494,0.610909785702825,"2"
"1280",0.652077177122283,0.637063100188971,"2"
"1281",0.0704841339818874,1.6876748573035,"2"
"1282",0.662676569583182,1.11234176047146,"2"
"1283",-0.00371311702732258,0.950092212110758,"2"
"1284",-0.326053991631774,1.2712175372988,"2"
"1285",0.326959206666817,1.00579409040511,"2"
"1286",-0.0454862238242284,1.03268188796937,"2"
"1287",0.0881385531772154,1.60190659984946,"2"
"1288",1.01052462359857,1.0454787041992,"2"
"1289",-0.467995652177615,1.23633745238185,"2"
"1290",-1.22303420569251,1.30440037362278,"2"
"1291",-0.484832190574167,1.19854181185365,"2"
"1292",-0.578048958319016,1.44688293002546,"2"
"1293",-0.693049900977512,1.64116944633424,"2"
"1294",-0.653796101547932,1.45227044373751,"2"
"1295",1.03204947640351,1.5261102899909,"2"
"1296",0.264418445876605,1.58106730505824,"2"
"1297",0.961413226151607,1.67180788852274,"2"
"1298",-1.19872208476905,0.954319767653942,"2"
"1299",-0.660789696998721,0.816488453373313,"2"
"1300",-0.82629328671388,1.69331938736141,"2"
"1301",1.26007837518263,1.14168193787336,"2"
"1302",-1.28785750783631,1.19253365583718,"2"
"1303",-0.785502622443669,1.54534940980375,"2"
"1304",0.850231596268538,1.11491879783571,"2"
"1305",0.3714948165223,1.64314876645803,"2"
"1306",-1.05921886401005,1.30772786587477,"2"
"1307",1.07625782858385,1.21523660868406,"2"
"1308",-0.597532445929174,1.36464700810611,"2"
"1309",0.349259694869501,1.70174398645759,"2"
"1310",0.783953112332736,1.43617645613849,"2"
"1311",-1.16335457938251,0.682597031444311,"2"
"1312",0.841657713110179,1.34655763842165,"2"
"1313",0.94006813119667,1.32381810992956,"2"
"1314",-1.26295434832832,0.889975421503186,"2"
"1315",0.586499512464922,0.741378991678357,"2"
"1316",0.0068997309820753,1.47193772941828,"2"
"1317",-0.512666645961042,1.06523151881993,"2"
"1318",0.317691809059874,1.5407595295459,"2"
"1319",-0.7105320591802,1.04592068307102,"2"
"1320",0.66743442259836,1.816062444821,"2"
"1321",0.0171646991199284,1.85046641044319,"2"
"1322",-0.496623055927998,1.5659427203238,"2"
"1323",-0.157302018035135,1.31815013736486,"2"
"1324",-0.0745418605745989,1.77260510437191,"2"
"1325",-1.14346926449969,1.57523574233055,"2"
"1326",0.840837505924203,1.07075820825994,"2"
"1327",0.208048164394094,0.795122217386961,"2"
"1328",1.1759598138971,1.3556631129235,"2"
"1329",-0.590359091979647,1.15875469632447,"2"
"1330",0.908157048780752,0.820768973231316,"2"
"1331",0.447579344930699,0.814676710218191,"2"
"1332",0.334408053905687,1.62462777532637,"2"
"1333",-0.732166140599988,1.44204563349485,"2"
"1334",-0.718546104978902,1.49673179350793,"2"
"1335",-0.51729226339102,1.54447935111821,"2"
"1336",-0.103931773086201,1.10211675986648,"2"
"1337",0.563011928428547,1.06982024759054,"2"
"1338",0.733804000227714,1.1083579480648,"2"
"1339",-0.658945832735349,1.68633957765996,"2"
"1340",0.2082891984785,1.38695873655379,"2"
"1341",0.56086743149201,1.26434693671763,"2"
"1342",-0.236636792862006,1.24853794574738,"2"
"1343",-1.02445729750396,1.546507788077,"2"
"1344",0.172081197162726,1.16749763712287,"2"
"1345",-0.291322201714111,1.85055349953473,"2"
"1346",0.516260055899988,0.953076642751694,"2"
"1347",0.37604300729697,0.957431789115071,"2"
"1348",0.641520901971053,0.635688707605004,"2"
"1349",-0.174095592873765,1.18300086297095,"2"
"1350",-0.101823461007124,1.52519922293723,"2"
"1351",0.545271647640272,0.709262147918344,"2"
"1352",0.282608137832782,1.87984230071306,"2"
"1353",0.857684032994407,0.857261287793517,"2"
"1354",-0.39625945673443,1.80128509402275,"2"
"1355",0.871444903918686,1.19821911305189,"2"
"1356",0.574965559144944,1.58321940824389,"2"
"1357",-0.171100137753017,1.71378677077591,"2"
"1358",0.234602407477573,1.28309210985899,"2"
"1359",0.889337735633814,0.958371383696795,"2"
"1360",0.234625713517774,1.6666679918766,"2"
"1361",-0.889711719567867,1.59301438741386,"2"
"1362",0.627324166251187,0.946587944403291,"2"
"1363",0.768448531811872,1.568825276196,"2"
"1364",0.291026860825773,1.13617674149573,"2"
"1365",0.987734162960028,0.941288533061743,"2"
"1366",-0.679519243128577,1.4677472975105,"2"
"1367",-1.01480104680663,0.699572014063597,"2"
"1368",1.29637381193835,1.05116082690656,"2"
"1369",-0.786759155680473,0.765746451914311,"2"
"1370",0.122822691081772,1.71815304942429,"2"
"1371",-1.20296708618011,1.2800365485251,"2"
"1372",0.434824997170727,1.38858283869922,"2"
"1373",0.200266078082991,0.902537747472525,"2"
"1374",0.217965396032286,1.00597308240831,"2"
"1375",-0.0991356222623325,1.6846142757684,"2"
"1376",0.510560171118037,1.36819586455822,"2"
"1377",0.00325713864870503,1.76016574166715,"2"
"1378",0.766428665263338,1.04858572110534,"2"
"1379",0.370292045795267,1.08160795494914,"2"
"1380",-0.767004581033583,1.81950014606118,"2"
"1381",0.519635103325492,1.28735514506698,"2"
"1382",-0.226505525167774,0.879559015482664,"2"
"1383",-0.78965195264079,1.73141477480531,"2"
"1384",0.849704513221022,1.39231827110052,"2"
"1385",0.540429881851765,1.07746308296919,"2"
"1386",-0.783707662913337,1.54484707824886,"2"
"1387",1.14949716274068,1.61876984462142,"2"
"1388",-0.427484348345128,0.948461388424039,"2"
"1389",0.493146931325222,1.43606349043548,"2"
"1390",0.641379522373699,1.48098259568214,"2"
"1391",-0.440364645384676,0.717816404998303,"2"
"1392",-0.412707545557836,1.1686632707715,"2"
"1393",0.650831110681653,0.821769965440035,"2"
"1394",1.31249012330424,1.40686400681734,"2"
"1395",-0.0666551004630671,1.62965298891068,"2"
"1396",-0.676405584053625,1.86322496719658,"2"
"1397",-0.107495431737641,0.857630642130971,"2"
"1398",-0.219934704205566,1.48783842511475,"2"
"1399",-0.139031969058066,1.84658496901393,"2"
"1400",-0.91612181682002,0.670491379871965,"2"
"1401",1.20853918963634,0.742488995194435,"2"
"1402",-1.04019810688056,0.749503483995795,"2"
"1403",-0.0257538594930602,1.0328002858907,"2"
"1404",-1.13015139452805,0.826187862083316,"2"
"1405",0.885974700306859,1.30954931862652,"2"
"1406",-0.347726438978115,1.59394382238388,"2"
"1407",0.396859585485563,1.79977586120367,"2"
"1408",-1.15163881429678,0.680528909340501,"2"
"1409",1.26577969498089,1.33279699645936,"2"
"1410",-0.866010791033944,1.03587474562228,"2"
"1411",-0.523403947900742,1.12592215836048,"2"
"1412",-0.22983498292956,1.53151838853955,"2"
"1413",1.08756196131713,1.32966159917414,"2"
"1414",-0.0283040041412461,1.31330558285117,"2"
"1415",-0.161978457878176,1.84075670167804,"2"
"1416",-0.547905293759644,1.53948693834245,"2"
"1417",-0.854818948326902,0.59056332744658,"2"
"1418",-0.0295998361949543,1.89308345392346,"2"
"1419",0.898855096603864,1.62289268113673,"2"
"1420",-0.216564042272943,1.26065296195447,"2"
"1421",-0.295629584166434,0.748591509088874,"2"
"1422",0.584341993987983,1.7640668284148,"2"
"1423",0.0552670341967358,1.81750644631684,"2"
"1424",-0.492363901571279,1.61382804550231,"2"
"1425",0.781862614047894,1.82962622493505,"2"
"1426",0.201738809631425,1.24730487912893,"2"
"1427",-1.0910028793647,0.905453324317932,"2"
"1428",-0.585829305354023,1.50404959358275,"2"
"1429",-0.614257246378555,1.81102344356477,"2"
"1430",-0.30338629884424,1.11476742997766,"2"
"1431",-0.607854599337219,1.39087411575019,"2"
"1432",0.498776633948759,1.64421754851937,"2"
"1433",0.330248799260326,1.22437477521598,"2"
"1434",0.108206610769902,1.18699234947562,"2"
"1435",0.00148986740774815,0.953666850551963,"2"
"1436",0.944786627008205,0.642654705420137,"2"
"1437",-0.0188521271433018,1.77170305177569,"2"
"1438",0.289687525461173,1.61079663783312,"2"
"1439",-0.529506844557422,0.688211315125227,"2"
"1440",0.77854770561286,1.03011495806277,"2"
"1441",0.0773306830778793,1.89079402536154,"2"
"1442",1.35333194408941,0.972944377735257,"2"
"1443",0.0675495541732705,1.5832937002182,"2"
"1444",0.548980704842972,0.725589178875089,"2"
"1445",-0.922075321921198,1.04778567329049,"2"
"1446",0.508128213556776,0.945767414569855,"2"
"1447",-0.186254879851596,1.47982744313776,"2"
"1448",-0.751604084607078,1.76255498453975,"2"
"1449",-1.07362226997439,1.22303402014077,"2"
"1450",0.283914966704513,1.60602596774697,"2"
"1451",-0.446147452311609,0.951022894307971,"2"
"1452",-0.617817831941271,0.676895958930254,"2"
"1453",0.0839979868296989,1.68179548569024,"2"
"1454",0.662417964333882,1.026394732669,"2"
"1455",-0.540382307038903,1.78053084798157,"2"
"1456",-0.575479985893552,0.939838519319892,"2"
"1457",1.28621922717531,1.23920926488936,"2"
"1458",0.0611387440170046,1.10322153531015,"2"
"1459",0.677848965236832,1.65436429567635,"2"
"1460",0.659523323650078,1.39341678321362,"2"
"1461",0.736759191852872,1.31884685270488,"2"
"1462",-0.680376030255618,1.08691788055003,"2"
"1463",-0.208558273767684,1.18509356565774,"2"
"1464",0.501492492489858,1.73058676943183,"2"
"1465",0.734139490433127,0.667123064026237,"2"
"1466",-1.22951446817295,1.38705572858453,"2"
"1467",-1.14748299214296,0.793782646581531,"2"
"1468",0.443208108793787,1.21260215565562,"2"
"1469",0.995640006453009,1.59244573935866,"2"
"1470",-0.0257362961130643,1.31789035052061,"2"
"1471",-0.868009310093017,0.70362745448947,"2"
"1472",-0.722227853406034,0.615669070929289,"2"
"1473",0.105577099729173,1.5520977396518,"2"
"1474",0.642447057734604,0.63139482550323,"2"
"1475",-1.07294550862761,1.19551807977259,"2"
"1476",-0.640141524980474,1.0194123018533,"2"
"1477",1.11849788787144,1.47880127318203,"2"
"1478",-1.28001484593167,1.04621084630489,"2"
"1479",0.701024213302472,0.667934729531408,"2"
"1480",0.982789957636994,1.48897292464972,"2"
"1481",0.801754501331358,0.775631329417229,"2"
"1482",0.41747917135613,1.02317009195685,"2"
"1483",-0.976027697584431,1.06836756058037,"2"
"1484",-0.900975841814755,1.092273164168,"2"
"1485",-1.07223091656605,1.00669541805983,"2"
"1486",-1.17220046041073,0.898809953406453,"2"
"1487",0.269130190883565,0.973341827839613,"2"
"1488",-1.18809955883321,0.867731795832515,"2"
"1489",1.13131032135488,0.988803992047906,"2"
"1490",-0.719832379123347,1.39073175638914,"2"
"1491",-0.348991606316216,1.60417693704367,"2"
"1492",0.273945262254753,0.780224781110883,"2"
"1493",0.417571913501962,0.953588799759746,"2"
"1494",0.838895710880078,1.09646440707147,"2"
"1495",-0.97826397458308,1.09699377082288,"2"
"1496",0.597615107928795,1.57449867278337,"2"
"1497",0.209383458747577,1.86678747013211,"2"
"1498",-0.180447873567346,1.58044111989439,"2"
"1499",0.404327581628779,1.4120910204947,"2"
"1500",-0.372501463596243,1.13329454138875,"2"
"1501",0.837034975443944,1.69816199541092,"2"
"1502",0.983281923655641,1.70292799733579,"2"
"1503",0.643777275685453,1.39263520613313,"2"
"1504",0.724971043428654,0.970871060341597,"2"
"1505",1.12774496235184,1.52977896779776,"2"
"1506",0.902098987950108,1.16643827669323,"2"
"1507",-0.631279463040494,1.31734642572701,"2"
"1508",1.20327735655775,1.57418027818203,"2"
"1509",-1.19620405282762,0.763171093910933,"2"
"1510",-0.0610646544882323,1.36518676578999,"2"
"1511",-0.333723842410938,1.36713324412704,"2"
"1512",1.08702856990677,0.654195031896234,"2"
"1513",-0.933858904502384,0.975313926115632,"2"
"1514",-0.512443050049513,1.34371161088347,"2"
"1515",-0.432801515185533,0.950541342422366,"2"
"1516",-0.548557620255929,1.6626829136163,"2"
"1517",-0.966158808869098,1.07720261327922,"2"
"1518",0.346688211165495,0.771034585312009,"2"
"1519",1.03583907422096,1.42601342722774,"2"
"1520",0.770927127403197,0.837665414810181,"2"
"1521",-0.798217734314668,0.637198524177075,"2"
"1522",-0.261636121817436,0.956704732775688,"2"
"1523",-1.26109561296238,1.18860687576234,"2"
"1524",1.17413546832076,1.17909572683275,"2"
"1525",-0.396292339497399,1.61659375913441,"2"
"1526",0.119492125269417,1.1014862716198,"2"
"1527",1.0079398471802,0.973728876188398,"2"
"1528",-0.638518255550218,1.74853049069643,"2"
"1529",-0.163234016056431,1.50968875028193,"2"
"1530",1.31266642790296,1.34711830876768,"2"
"1531",-0.403154090554143,1.50007550157607,"2"
"1532",0.483231049718198,1.80649313889444,"2"
"1533",0.488071722377192,1.45700658150017,"2"
"1534",-0.273762182848018,0.964624424278736,"2"
"1535",0.138402992716407,1.40972000025213,"2"
"1536",-0.702635209840076,0.604712548106909,"2"
"1537",-0.0447716680921968,0.966077318415046,"2"
"1538",-0.741999687173133,0.684177212417126,"2"
"1539",-0.113092735559406,0.994949941337109,"2"
"1540",-0.955108550112999,1.0199291691184,"2"
"1541",1.09862043962867,1.38695393875241,"2"
"1542",-0.653913202641501,1.32867412343621,"2"
"1543",-0.440470278673858,0.981973059475422,"2"
"1544",-0.143775129374608,1.23164211958647,"2"
"1545",-1.2892873926003,0.99893456697464,"2"
"1546",-1.10219639063501,1.02048811167479,"2"
"1547",-0.306213197935343,1.29631981737912,"2"
"1548",-0.821887459677496,1.08261379040778,"2"
"1549",-0.51329624509459,1.58411185629666,"2"
"1550",-0.629311432239327,1.33515536561608,"2"
"1551",-0.294174632677674,1.10386811569333,"2"
"1552",0.552546313611513,1.39514819048345,"2"
"1553",0.286109479019626,0.914201289042831,"2"
"1554",-0.768300112071212,1.39145865477622,"2"
"1555",0.681209024137554,1.31902506127954,"2"
"1556",-1.2173818172257,1.32177757397294,"2"
"1557",-0.770196764434547,0.990770800039172,"2"
"1558",0.604606893390658,1.18109735921025,"2"
"1559",-0.233471886448274,1.77718483544886,"2"
"1560",-0.790946687023795,1.65423856601119,"2"
"1561",-1.28206054277377,0.941257347539067,"2"
"1562",-0.829480781010916,1.29999460577965,"2"
"1563",0.100517722021199,1.02568687945604,"2"
"1564",1.15561312440345,0.893550645932555,"2"
"1565",-1.18282241869772,0.803770662099123,"2"
"1566",-0.0164379710501854,1.59476548060775,"2"
"1567",1.07102848253588,1.0221642896533,"2"
"1568",0.528851505954118,1.70793016403914,"2"
"1569",-0.837994099604348,1.50346817597747,"2"
"1570",1.00771108858341,0.925413033738733,"2"
"1571",-1.09991239869532,1.27680979333818,"2"
"1572",-1.04469672342091,1.09287511147559,"2"
"1573",0.172491410717407,1.55826215557754,"2"
"1574",-0.993143292807662,1.08574081994593,"2"
"1575",-1.07924220774011,0.666492187604308,"2"
"1576",-0.867875797784446,0.685339521244168,"2"
"1577",-0.986716879768365,0.904820941761136,"2"
"1578",-0.301883712858395,1.2327504761517,"2"
"1579",0.831359134321337,1.75040313564241,"2"
"1580",-0.862298099581078,0.964316697046161,"2"
"1581",-0.214508943219544,1.39933166839182,"2"
"1582",-1.00155358345798,1.69956150874496,"2"
"1583",0.390734207339193,1.87866813912988,"2"
"1584",-1.25794357563479,0.874075021594763,"2"
"1585",0.327113476758779,0.941696205362678,"2"
"1586",0.47132915549171,0.86322752982378,"2"
"1587",-0.466945575749317,1.80121820643544,"2"
"1588",-0.61582613829205,1.06364735029638,"2"
"1589",-0.6859308551294,1.29712399728596,"2"
"1590",-0.270927686344618,1.48652602471411,"2"
"1591",-1.10775218083622,0.725474280118942,"2"
"1592",0.805188501199037,1.50583121031523,"2"
"1593",-0.341332306669629,1.54077681750059,"2"
"1594",-1.3144516323066,1.19646074660122,"2"
"1595",0.195584140155309,1.73231669850647,"2"
"1596",-0.969798603180161,1.4979518994689,"2"
"1597",0.524571763135553,1.30890365131199,"2"
"1598",-0.905875216501686,1.59460431151092,"2"
"1599",1.21132711493006,1.34757336974144,"2"
"1600",0.741549154979832,1.84640404246748,"2"
"1601",0.490729578584433,0.260699863359332,"3"
"1602",0.243824547529221,-0.417570450995117,"3"
"1603",-0.13923781150952,-0.023320771381259,"3"
"1604",-0.358771051559597,0.423396258428693,"3"
"1605",-0.169454634189606,-0.438450735155493,"3"
"1606",0.193090347759426,-0.205189323518425,"3"
"1607",0.186666528135538,0.473362705204636,"3"
"1608",0.303334744367748,0.506008257810026,"3"
"1609",-0.487491761986166,-0.304277767986059,"3"
"1610",-0.344196058250964,-0.0432530709542334,"3"
"1611",-0.0222618182189762,0.27918420676142,"3"
"1612",-0.20890592392534,-0.0244677476584911,"3"
"1613",-0.224102019052953,0.0734203864820302,"3"
"1614",-0.219817064423114,-0.163982380181551,"3"
"1615",-0.155388001911342,-0.4464041903615,"3"
"1616",0.0349842879921198,0.230762263666838,"3"
"1617",0.219861456099898,-0.43698915168643,"3"
"1618",-0.302983868960291,-0.277304061781615,"3"
"1619",0.226715480256826,0.403664885926992,"3"
"1620",0.0372186790220439,0.305195310059935,"3"
"1621",0.402647443860769,-0.160067862644792,"3"
"1622",0.219306953810155,-0.152747695147991,"3"
"1623",-0.272485763859004,-0.126166987325996,"3"
"1624",0.534889943059534,0.0603089153766632,"3"
"1625",0.0964333673939108,0.470925926696509,"3"
"1626",-0.324996742978692,0.287801917735487,"3"
"1627",0.0676552003249526,0.47078809607774,"3"
"1628",0.0391859818249941,-0.323406562395394,"3"
"1629",-0.133578484598547,-0.130965680256486,"3"
"1630",-0.200178555864841,0.132914029061794,"3"
"1631",0.312482423521578,-0.424243224598467,"3"
"1632",0.428918107319623,0.385901404358447,"3"
"1633",-0.101691013108939,0.168862789962441,"3"
"1634",-0.0261607046239078,0.53949416410178,"3"
"1635",0.171819690708071,0.314810461644083,"3"
"1636",-0.56414487361908,-0.0152608185075224,"3"
"1637",0.217310145869851,-0.506911278516054,"3"
"1638",-0.277667321171612,-0.310938031040132,"3"
"1639",-0.210939312167466,-0.219128238782287,"3"
"1640",-0.448628906719387,-0.135109662730247,"3"
"1641",0.352122070547193,0.194887385889888,"3"
"1642",-0.0728539371863007,0.452386037260294,"3"
"1643",-0.261471282318234,0.52275960277766,"3"
"1644",0.0124943705275655,-0.0374104809947312,"3"
"1645",-0.503301109559834,-0.134278167318553,"3"
"1646",-0.0864480681717396,-0.238754858728498,"3"
"1647",0.0487691855058074,-0.527877070661634,"3"
"1648",0.330559657048434,0.472411217261106,"3"
"1649",0.0496174598112702,0.16039146669209,"3"
"1650",0.443072863854468,0.0685684067197144,"3"
"1651",0.101258123014122,0.56348365014419,"3"
"1652",-0.184587497357279,-0.342504322249442,"3"
"1653",-0.0189603268168866,0.270050398260355,"3"
"1654",0.253893870301545,-0.193096332158893,"3"
"1655",-0.377202074881643,-0.265269277989864,"3"
"1656",0.47293543908745,0.0268019400537014,"3"
"1657",0.307911122404039,0.0630946911871433,"3"
"1658",0.129640366975218,0.476014180295169,"3"
"1659",-0.188123839627951,-0.044644717220217,"3"
"1660",0.468554344866425,-0.290335825737566,"3"
"1661",-0.105830216780305,0.0689277556724847,"3"
"1662",0.0739854038693011,0.244058540929109,"3"
"1663",0.108617095928639,0.399699772428721,"3"
"1664",0.37262740842998,0.166466236766428,"3"
"1665",-0.105889522656798,-0.0452173012308776,"3"
"1666",-0.270003064256161,-0.424355408549309,"3"
"1667",-0.0145589430816472,-0.297922463156283,"3"
"1668",-0.325488349143416,0.402456603012979,"3"
"1669",-0.35950358742848,0.380912744253874,"3"
"1670",-0.47053289450705,-0.216384032182395,"3"
"1671",-0.460790380183607,0.33064773241058,"3"
"1672",0.161852568760514,0.36154652601108,"3"
"1673",-0.256621339078993,-0.224385697860271,"3"
"1674",-0.0545209259726107,0.386017369385809,"3"
"1675",-0.133065216522664,0.214160013757646,"3"
"1676",-0.123447729181498,-0.506102887261659,"3"
"1677",-0.336730586830527,0.342107803188264,"3"
"1678",0.167323737591505,-0.00201011840254073,"3"
"1679",-0.457105283718556,-0.200406005233526,"3"
"1680",-0.0816595846787095,0.524394902028143,"3"
"1681",-0.296514711622149,0.249227698054165,"3"
"1682",-0.0910169444046914,-0.334635837189853,"3"
"1683",-0.37873684996739,0.435033538285643,"3"
"1684",0.447479541879147,-0.385106000304222,"3"
"1685",-0.391514753457159,-0.453664475865662,"3"
"1686",0.0716575509868562,-0.207880786154419,"3"
"1687",0.109877273440361,-0.201611203327775,"3"
"1688",0.558685546740889,0.160110379289836,"3"
"1689",0.451575927995145,-0.337611156329513,"3"
"1690",-0.165701203979552,-0.283570334594697,"3"
"1691",0.10341724678874,-0.253448574990034,"3"
"1692",-0.0406536147929728,0.374764192476869,"3"
"1693",-0.114314715005457,-0.328142139315605,"3"
"1694",-0.0594226989895106,-0.473092621564865,"3"
"1695",-0.225132506713271,-0.0418752646073699,"3"
"1696",0.402145320363343,-0.433343489281833,"3"
"1697",0.215408766735345,0.164415266364813,"3"
"1698",-0.492866463772953,0.0175495843403042,"3"
"1699",-0.431182964891195,0.356066883634776,"3"
"1700",-0.259549046773463,0.433706043753773,"3"
"1701",0.405977660045028,0.164834292791784,"3"
"1702",0.21445454210043,-0.32742860103026,"3"
"1703",0.237931125238538,-0.235803459305316,"3"
"1704",0.467207054793835,-0.0726385979913176,"3"
"1705",-0.197865912225097,-0.202429454773664,"3"
"1706",-0.0375989919528366,-0.319256510585546,"3"
"1707",-0.408218501787633,0.154359141457826,"3"
"1708",-0.29746515462175,-0.387038288265467,"3"
"1709",-0.223003842215985,0.208727964945137,"3"
"1710",0.0733930857852101,-0.248600789252669,"3"
"1711",-0.0134638418443501,0.00567412432283165,"3"
"1712",0.277959833666682,0.427177087403834,"3"
"1713",0.466383321862668,0.0434379810467362,"3"
"1714",0.221923279669136,-0.344152956549078,"3"
"1715",0.0341907296329736,-0.309544328413904,"3"
"1716",-0.345812398474663,-0.187292778398842,"3"
"1717",-0.168052741046995,-0.294040644261986,"3"
"1718",-0.157996707502753,0.0710136325098574,"3"
"1719",-0.212964054197073,-0.0231414433568716,"3"
"1720",-0.529819460492581,-0.219954713992774,"3"
"1721",0.116213427018374,-0.153133012354374,"3"
"1722",-0.248438147921115,-0.0685308365151286,"3"
"1723",-0.272562547959387,0.274897542782128,"3"
"1724",-0.307849236018956,0.387030306179076,"3"
"1725",0.202283013146371,0.441435469128192,"3"
"1726",-0.308393675275147,0.30581163642928,"3"
"1727",0.541443659551442,0.0451828225515782,"3"
"1728",0.224306899588555,0.25287910932675,"3"
"1729",0.50181969255209,-0.0308608903549612,"3"
"1730",-0.338417112082243,0.210155465360731,"3"
"1731",-0.0200519107282162,-0.397003464773297,"3"
"1732",0.171715716831386,0.0529929600656033,"3"
"1733",0.0223191233351827,0.585031055286527,"3"
"1734",-0.274878244567662,-0.168729910254478,"3"
"1735",0.111797418538481,-0.336988798901439,"3"
"1736",0.335022591333836,-0.203989530075341,"3"
"1737",0.35987338218838,0.116402082145214,"3"
"1738",-0.223996309284121,-0.372565576247871,"3"
"1739",0.346862210333347,0.41940059736371,"3"
"1740",0.273401941359043,0.349398690182716,"3"
"1741",0.0803071154281497,-0.335002252366394,"3"
"1742",0.0435332723893225,-0.582501470949501,"3"
"1743",0.158972919266671,0.160661604534835,"3"
"1744",0.140985592827201,-0.257343179918826,"3"
"1745",0.0470830360427499,0.243364811036736,"3"
"1746",-0.181657299678773,0.555363275483251,"3"
"1747",-0.421263737138361,0.00501845078542829,"3"
"1748",0.46106815142557,-0.20476088700816,"3"
"1749",-0.37912118146196,0.181586611736566,"3"
"1750",-0.504401279333979,-0.151575801987201,"3"
"1751",-0.478988763224333,0.298240466974676,"3"
"1752",-0.381809530779719,0.291062509641051,"3"
"1753",-0.108657387457788,0.362206256948411,"3"
"1754",0.390170592628419,0.0217317556031048,"3"
"1755",-0.250907715037465,0.115024864207953,"3"
"1756",0.276401652954519,0.486734218429774,"3"
"1757",-0.154021346289665,-0.245565517432988,"3"
"1758",-0.137581139523536,0.252772209886462,"3"
"1759",-0.481424098368734,-0.306778117083013,"3"
"1760",-0.163361109606922,0.438184538204223,"3"
"1761",-0.209417179226875,0.302381547633559,"3"
"1762",0.0752078228630125,0.50676016593352,"3"
"1763",-0.507532469742,-0.143377576489002,"3"
"1764",-0.439813429489732,-0.405926078371704,"3"
"1765",-0.231876099575311,-0.278624806366861,"3"
"1766",-0.350980189908296,-0.243540036957711,"3"
"1767",0.406627787277102,0.3651586513035,"3"
"1768",0.363304902054369,0.00573095390573142,"3"
"1769",-0.280929343309253,-0.305137441400439,"3"
"1770",-0.167786878533661,-0.523959771450609,"3"
"1771",0.180362181644887,0.0178124472498894,"3"
"1772",-0.0446677727624774,-0.40113983284682,"3"
"1773",0.472766873426735,-0.299415104649961,"3"
"1774",-0.0840056229382753,-0.355007404647768,"3"
"1775",0.088496434316039,-0.205897993315011,"3"
"1776",0.34524403559044,-0.0795974551700056,"3"
"1777",0.262019187770784,-0.350948579795659,"3"
"1778",-0.157119974400848,0.45202814899385,"3"
"1779",0.519548006169498,0.0635593920014799,"3"
"1780",0.255457389447838,-0.1124291902408,"3"
"1781",-0.361276901978999,-0.178151774313301,"3"
"1782",0.38271938636899,-0.138911232724786,"3"
"1783",-0.366379580553621,0.402755224797875,"3"
"1784",-0.367058097012341,-0.432227434404194,"3"
"1785",-0.480764331668615,-0.154295165184885,"3"
"1786",-0.224833957571536,-0.496813829708844,"3"
"1787",-0.428154433518648,-0.232033369783312,"3"
"1788",-0.185359699185938,0.064516693353653,"3"
"1789",-0.51541612772271,0.249107315763831,"3"
"1790",0.232820843998343,0.0147969519719482,"3"
"1791",0.150886193756014,-0.334033743292093,"3"
"1792",-0.0263418562710285,-0.0484743213281036,"3"
"1793",0.347515658754855,-0.317532365396619,"3"
"1794",0.502785181626677,0.0703382944688201,"3"
"1795",-0.147601277288049,0.504020322673023,"3"
"1796",0.33487147456035,0.171303354855627,"3"
"1797",-0.413869065139443,0.129072405584157,"3"
"1798",-0.293748713750392,-0.188975082524121,"3"
"1799",0.431199981272221,0.225462749227881,"3"
"1800",0.229401130322367,0.0481408006511629,"3"
"1801",0.355329466424882,-0.0234433229081332,"3"
"1802",0.0169133654795587,-0.387621251866221,"3"
"1803",0.183114374801516,-0.42582388529554,"3"
"1804",-0.209289131127298,0.0361873333342373,"3"
"1805",-0.0113847672007978,0.0579967634752393,"3"
"1806",0.375415607448667,-0.0979071350768208,"3"
"1807",-0.0180959058925509,-0.198031074833125,"3"
"1808",-0.0515454467386007,0.206683567352593,"3"
"1809",0.0986505766399205,0.284659307822585,"3"
"1810",0.491388172935694,-0.277971100062132,"3"
"1811",0.133765801973641,0.563110264297575,"3"
"1812",-0.446991479024291,0.0306714816950262,"3"
"1813",-0.285028818994761,0.325780326593667,"3"
"1814",0.246441630274057,-0.304691071808338,"3"
"1815",-0.132182345632464,0.345667110197246,"3"
"1816",-0.170149904675782,0.122725553344935,"3"
"1817",0.228808645159006,-0.41447013868019,"3"
"1818",0.0727763456292451,0.330722047202289,"3"
"1819",-0.474782987963408,-0.12924286108464,"3"
"1820",-0.153614922054112,-0.0438461811281741,"3"
"1821",-0.0100867283530534,0.509259992558509,"3"
"1822",-0.30573968058452,0.308736377209425,"3"
"1823",0.538752267602831,-0.115638097934425,"3"
"1824",0.453330588061362,0.0875775299035013,"3"
"1825",-0.103239994123578,-0.22506319032982,"3"
"1826",-0.163536886218935,-0.577104203123599,"3"
"1827",-0.163608661852777,-0.380455017462373,"3"
"1828",-0.110043425671756,-0.178650797065347,"3"
"1829",-0.261230087466538,0.400754636060446,"3"
"1830",-0.541598751023412,-0.243246605806053,"3"
"1831",0.13223487585783,0.385986945591867,"3"
"1832",0.061432050447911,0.181984928157181,"3"
"1833",0.170836392883211,0.503872184827924,"3"
"1834",-0.468607837893069,-0.121132507547736,"3"
"1835",-0.252969711553305,0.184563216380775,"3"
"1836",-0.0306430516764522,-0.538397778756917,"3"
"1837",-0.298065016698092,0.303352317307144,"3"
"1838",-0.040901820268482,-0.401999958325177,"3"
"1839",0.456680399738252,-0.0869562741369009,"3"
"1840",-0.0236609662882984,-0.00719714323058729,"3"
"1841",0.185325759742409,-0.478222849778831,"3"
"1842",0.338198975007981,-0.187712783832103,"3"
"1843",-0.229660238977522,-0.499999606981874,"3"
"1844",-0.0754946647211909,-0.377802200708538,"3"
"1845",0.00937803871929643,0.315832396969199,"3"
"1846",-0.291884052101523,0.209603577107191,"3"
"1847",-0.161000056564808,-0.487238525692373,"3"
"1848",-0.261378834396601,-0.224014314450324,"3"
"1849",0.247738892398775,-0.402004275564104,"3"
"1850",-0.33088909490034,-0.487982253357768,"3"
"1851",0.13296271674335,0.134910990390927,"3"
"1852",0.250954750925303,0.170460036210716,"3"
"1853",0.34405322810635,-0.0932549382559955,"3"
"1854",-0.163428907748312,0.282479566801339,"3"
"1855",-0.511227589845657,-0.30617394419387,"3"
"1856",0.174928184039891,0.307440598681569,"3"
"1857",0.385109428782016,0.128864792827517,"3"
"1858",-0.37291942499578,-0.454844932258129,"3"
"1859",0.39019923498854,0.326811007037759,"3"
"1860",0.0974920970387757,-0.289184787031263,"3"
"1861",0.0595869837328792,-0.264948502834886,"3"
"1862",0.490850543417037,-0.244525270164013,"3"
"1863",-0.27036778209731,0.308096287585795,"3"
"1864",0.427560796122998,0.0909526188857853,"3"
"1865",-0.00132038947194812,-0.555512777063996,"3"
"1866",-0.400543351750821,0.0566356413066387,"3"
"1867",0.469119940325618,-0.278503825888038,"3"
"1868",0.218477011285722,-0.557556782383472,"3"
"1869",-0.21575471078977,0.0559429292567074,"3"
"1870",0.254616004228592,-0.216745813563466,"3"
"1871",-0.471688113827258,-0.155092277191579,"3"
"1872",0.127730258367956,-0.582271606195718,"3"
"1873",0.158766087982804,0.328794005513191,"3"
"1874",0.0972085962072015,-0.52966977423057,"3"
"1875",-0.387123461253941,0.25639168471098,"3"
"1876",0.537054955400527,0.167231515422463,"3"
"1877",0.130281372182071,0.162221976835281,"3"
"1878",0.0594451203010976,0.326344437617809,"3"
"1879",0.169376514013857,0.131490934453905,"3"
"1880",-0.271236802171916,0.291851019579917,"3"
"1881",0.0763255745172501,0.35424305582419,"3"
"1882",0.240232588257641,-0.222338931262493,"3"
"1883",-0.514441116526723,0.173573280964047,"3"
"1884",-0.35348649546504,-0.473487584106624,"3"
"1885",0.390129700955003,-0.386324278078973,"3"
"1886",0.224730162788182,0.063111450523138,"3"
"1887",-0.104084679298103,0.0743584756739437,"3"
"1888",0.165385156217962,0.293011430092156,"3"
"1889",-0.0564795115962624,-0.594757585600018,"3"
"1890",-0.554651623684913,0.0962312165647745,"3"
"1891",-0.448267145175487,0.0560930186882616,"3"
"1892",0.0693855646066368,-0.0839594710618258,"3"
"1893",-0.0276027602143586,-0.236275602132082,"3"
"1894",-0.517706769984215,-0.219851491134614,"3"
"1895",0.0627414124086499,0.29024874586612,"3"
"1896",-0.369984043389559,0.290261636115611,"3"
"1897",0.36703831795603,-0.175066192355007,"3"
"1898",-0.175890245195478,-0.433240955136716,"3"
"1899",0.48131070099771,-0.243782202154398,"3"
"1900",-0.1266970298253,-0.231146020721644,"3"
"1901",-0.0126468172296882,0.0463338257744909,"3"
"1902",-0.232449094578624,0.277356996294111,"3"
"1903",-0.193835586402565,0.172997520491481,"3"
"1904",0.033240854088217,-0.445676594227552,"3"
"1905",-0.523162143118679,0.0383969586342573,"3"
"1906",0.289348777290434,-0.313087025843561,"3"
"1907",0.331690189428627,-0.289647105429322,"3"
"1908",-0.477483330946416,-0.114175700861961,"3"
"1909",-0.4018405479379,-0.437496619205922,"3"
"1910",0.0489747731946408,-0.334691966325045,"3"
"1911",-0.145833408180624,-0.20810372242704,"3"
"1912",0.383607749361545,0.19764495883137,"3"
"1913",0.372978574410081,0.153611972182989,"3"
"1914",-0.364493064209819,-0.0733074576593935,"3"
"1915",0.0856882109306752,-0.333970387559384,"3"
"1916",-0.443214400392026,0.00698814913630486,"3"
"1917",0.153412828501314,0.0043273226357996,"3"
"1918",-0.388657930120826,-0.138745571952313,"3"
"1919",0.251271144021302,-0.28477128110826,"3"
"1920",0.215312901232392,0.458631274849176,"3"
"1921",-0.0492431944236159,-0.548087286483496,"3"
"1922",-0.187169752735645,-0.201604276243597,"3"
"1923",-0.109896076004952,-0.511065244115889,"3"
"1924",-0.126580176036805,-0.342782825231552,"3"
"1925",-0.470141602959484,0.258255552314222,"3"
"1926",-0.159973507281393,-0.571670166961849,"3"
"1927",-0.211736946646124,-0.206338595040143,"3"
"1928",-0.5022740165703,0.161493145767599,"3"
"1929",0.536982167232782,-0.238474543578923,"3"
"1930",-0.330060143675655,0.377439626678824,"3"
"1931",-0.170967981219292,0.406509831547737,"3"
"1932",0.551814475469291,-0.038560279738158,"3"
"1933",-0.381023575924337,-0.0913727849721908,"3"
"1934",-0.224193188454956,-0.37528931396082,"3"
"1935",0.207862017117441,0.513233445771038,"3"
"1936",0.151179604791105,-0.523821206856519,"3"
"1937",0.429244662635028,0.18510044272989,"3"
"1938",-0.046621563937515,-0.268912920635194,"3"
"1939",-0.033094717003405,-0.562947287131101,"3"
"1940",-0.268939255177975,0.102415367402136,"3"
"1941",0.394304888695478,0.160807914566249,"3"
"1942",0.262924581952393,0.0442308031953871,"3"
"1943",0.447613905463368,0.351683214493096,"3"
"1944",-0.00478691300377254,-0.298075661156326,"3"
"1945",-0.176034743059427,-0.473705874569714,"3"
"1946",0.362885692901909,-0.429525176994503,"3"
"1947",0.0793352270498872,0.574085810501129,"3"
"1948",0.115002644062042,0.247570123337209,"3"
"1949",0.528856071922928,-0.0482140073552728,"3"
"1950",-0.547968226857483,-0.213863764889538,"3"
"1951",-0.325079918839037,-0.133145380206406,"3"
"1952",0.396583423577249,0.434424215834588,"3"
"1953",0.383110736589879,0.209960198029876,"3"
"1954",0.400493894331157,-0.0988983733579516,"3"
"1955",0.388089658599347,-0.14563680337742,"3"
"1956",-0.536371716856957,-0.0293427737429738,"3"
"1957",-0.505001211818308,0.126456915959716,"3"
"1958",-0.169643478747457,-0.32763393279165,"3"
"1959",-0.259853664133698,-0.0943988682702184,"3"
"1960",-0.256430311873555,-0.152593644149601,"3"
"1961",0.440600762609392,-0.329741651192307,"3"
"1962",-0.280386746954173,-0.500483568012714,"3"
"1963",-0.0177498492412269,-0.382284720987082,"3"
"1964",0.445551026333123,0.387077842466533,"3"
"1965",0.456093273404986,0.105807244498283,"3"
"1966",-0.586462244857103,0.0550302875228226,"3"
"1967",-0.387213500216603,0.39837801810354,"3"
"1968",-0.316366505250335,-0.135101936850697,"3"
"1969",-0.446268176659942,-0.196398329827934,"3"
"1970",-0.246487194299698,0.42070770515129,"3"
"1971",-0.45806046333164,0.00017792182043197,"3"
"1972",0.442599375173449,-0.00964843612164257,"3"
"1973",-0.39140140581876,-0.0380024654790759,"3"
"1974",0.120253577269614,0.405290284473449,"3"
"1975",0.408613719139248,-0.105912775173783,"3"
"1976",0.129823005013168,-0.0207436750642955,"3"
"1977",-0.503638849966228,-0.310046509467065,"3"
"1978",0.0383072915486992,-0.0148843752220273,"3"
"1979",0.427096992172301,-0.29913385855034,"3"
"1980",0.382607996463776,-0.39371743099764,"3"
"1981",-0.0720603014342487,-0.0599256835877895,"3"
"1982",-0.45184918558225,-0.0308548221364617,"3"
"1983",0.437220952101052,0.00339233558624985,"3"
"1984",-0.173184790369123,0.23091084100306,"3"
"1985",-0.119350996054709,-0.129131863731891,"3"
"1986",-0.360768589563668,-0.363537753280252,"3"
"1987",0.27186340559274,0.0627858764491975,"3"
"1988",0.3649319129996,-0.264544866699725,"3"
"1989",0.252972088381648,-0.203644209075719,"3"
"1990",-0.0993317828513682,0.164793990366161,"3"
"1991",0.0173784661106765,-0.127709993720055,"3"
"1992",-0.0478006127290428,0.317235398478806,"3"
"1993",-0.382521824352443,-0.387821382377297,"3"
"1994",-0.00730339335277674,0.257852683123201,"3"
"1995",0.30971185863018,0.497596624307334,"3"
"1996",0.393226150330156,0.366656664758921,"3"
"1997",-0.0160883448086679,0.149848739616573,"3"
"1998",-0.0685196751728654,0.544329667836428,"3"
"1999",0.062186130322516,-0.3742776109837,"3"
"2000",-0.418430470302701,0.34335562326014,"3"
