"","x.x4","x.V2","classes"
"1",-0.976418974582914,1.07346046996748,"1"
"2",-1.06716058717785,1.73080511544427,"1"
"3",-0.979597550799508,1.24459337633075,"1"
"4",-1.10362121428466,1.87580013300115,"1"
"5",-1.31094840690774,1.76039685215523,"1"
"6",-1.31130008941544,1.38200187617545,"1"
"7",-0.982018008370498,1.222831357328,"1"
"8",-1.13238593438161,1.3861217259282,"1"
"9",-1.08798891870822,1.52116257203928,"1"
"10",-0.890915477463054,1.73725006246573,"1"
"11",-1.31961666189637,1.19288811482223,"1"
"12",-0.933612163621532,1.35982497715215,"1"
"13",-1.0221196162746,1.63719478210735,"1"
"14",-1.24199413909606,1.81340509005998,"1"
"15",-0.930997225350398,1.45982402503283,"1"
"16",-1.17694707566645,1.5184856693377,"1"
"17",-1.07932587268313,1.05986813606115,"1"
"18",-1.24815336897202,1.25769265385659,"1"
"19",-0.991919901365555,1.78314040383658,"1"
"20",-1.12009781662877,1.67865449217419,"1"
"21",-1.6034434692792,1.60735125243596,"1"
"22",-0.672035656237717,1.41611282731389,"1"
"23",-0.910339352539918,1.63018898506126,"1"
"24",-1.09592402381919,1.82101699891722,"1"
"25",-1.16067405926083,1.43479272676598,"1"
"26",-1.21348947275566,1.56347465653771,"1"
"27",-0.916580339804262,1.12389868111895,"1"
"28",-1.22895434227672,1.35199825912902,"1"
"29",-0.760405489854212,1.59974401863842,"1"
"30",-1.16277931844627,1.2435544291886,"1"
"31",-1.00229468835986,1.59288063473749,"1"
"32",-1.15906023547659,1.74329206844224,"1"
"33",-0.781400229874122,1.39664131674774,"1"
"34",-1.06026228563519,1.51370854194412,"1"
"35",-1.26216358049348,1.47037834874915,"1"
"36",-1.29893219814341,1.56129455361547,"1"
"37",-0.633591000271696,1.75405426229654,"1"
"38",-1.20664950581055,1.42237469568613,"1"
"39",-1.23941007159058,1.57652231167431,"1"
"40",-1.05288899347953,1.52162995668598,"1"
"41",-0.865318884258514,1.69317443331148,"1"
"42",-0.973124285468066,1.74850763550277,"1"
"43",-0.941952192433974,1.5369962108843,"1"
"44",-1.17457602121059,1.19114300451236,"1"
"45",-1.06361012503918,1.59136076067283,"1"
"46",-0.732913339128398,1.30776961207003,"1"
"47",-0.986505611590777,1.30027490424785,"1"
"48",-0.984777837632072,1.52837923584654,"1"
"49",-0.912177613676938,1.26665646822575,"1"
"50",-1.45191511037562,1.72260141526542,"1"
"51",-1.21401369402899,1.5473680125704,"1"
"52",-0.833386284983577,1.24808763205928,"1"
"53",-0.999556051687042,1.52695728686486,"1"
"54",-1.26083549406355,1.8991610043232,"1"
"55",-1.09696148140497,1.44907711192183,"1"
"56",-0.985400345226868,1.14482405241557,"1"
"57",-0.896573785797622,1.16987908233957,"1"
"58",-0.822287193742082,1.73670239847725,"1"
"59",-0.599080482514239,1.52252399507299,"1"
"60",-1.21130180962478,1.77770390680217,"1"
"61",-1.02376503954618,1.67374157799219,"1"
"62",-1.06428740359612,1.53722884212414,"1"
"63",-0.975253726354729,1.84456636006736,"1"
"64",-1.00549735189624,1.61703192611736,"1"
"65",-0.826573959258454,1.92213455736957,"1"
"66",-0.959071954939777,1.5883438163007,"1"
"67",-1.03622898131227,1.59025359482839,"1"
"68",-0.958623926459002,1.53973555611961,"1"
"69",-1.29973803861722,1.51930078207859,"1"
"70",-1.0882699862442,1.60190321946168,"1"
"71",-1.55454413139241,1.55419489666161,"1"
"72",-0.762271274287971,1.56728312297575,"1"
"73",-1.26605040544443,1.33578040981965,"1"
"74",-1.11785995742824,1.5024810721699,"1"
"75",-0.88896049266503,1.54701312957556,"1"
"76",-0.87857725077422,1.34557963042132,"1"
"77",-1.33638115193192,1.51596567566106,"1"
"78",-1.24706933820893,1.38545827587254,"1"
"79",-0.964910059802994,1.43178973006978,"1"
"80",-0.880845904277441,1.53141774551539,"1"
"81",-1.0933999171092,1.37888309876305,"1"
"82",-0.703401027452041,1.22838558699268,"1"
"83",-1.16088470534131,1.3856487886906,"1"
"84",-0.817600059000335,1.80464111242383,"1"
"85",-1.04790572608749,1.05927811578495,"1"
"86",-0.642607654569259,1.5316488109729,"1"
"87",-1.15778284395121,1.79184905552258,"1"
"88",-0.80182632602486,1.78504356238478,"1"
"89",-0.977494001526796,1.65527099830241,"1"
"90",-1.26971436124282,1.10409389890008,"1"
"91",-1.15824851658963,1.31856289629502,"1"
"92",-1.13591555867876,1.21563587479714,"1"
"93",-0.692158030924237,1.54428845962307,"1"
"94",-1.26754060690985,1.4301079974398,"1"
"95",-1.13866715549988,1.77906576111329,"1"
"96",-0.917631521646799,1.4831947186898,"1"
"97",-1.521846527818,1.81336089674623,"1"
"98",-0.927524612062796,1.55042118735936,"1"
"99",-0.941989247826725,1.58692471879226,"1"
"100",-1.24883869289533,1.65957668612351,"1"
"101",-0.750895917587408,1.33505148852774,"1"
"102",-1.0144661311567,1.15519362460517,"1"
"103",-0.767145429730991,1.67135582802402,"1"
"104",-1.14105359632101,1.59373790096625,"1"
"105",-0.866706889450781,1.47841133336461,"1"
"106",-0.936772414786136,1.48364656083191,"1"
"107",-0.88753182470512,1.45151364792073,"1"
"108",-0.978342985222272,1.26953853506848,"1"
"109",-0.67390715559718,1.4663625937612,"1"
"110",-0.911893878617232,1.39475792468151,"1"
"111",-1.1898777731067,1.38857225697344,"1"
"112",-1.18985026313935,1.33881413517661,"1"
"113",-0.988503942841404,1.2066023326402,"1"
"114",-1.08415520201577,1.42514857433126,"1"
"115",-0.917039429073875,1.39541862840354,"1"
"116",-0.76853446115282,1.38323706667423,"1"
"117",-1.23362029146278,1.1166830140202,"1"
"118",-1.03506235617418,1.14469616165304,"1"
"119",-1.02983192603488,1.56268981427894,"1"
"120",-1.13855521964883,1.67618289688943,"1"
"121",-0.692742303682442,1.73997427978942,"1"
"122",-0.47040200502937,1.34956015784382,"1"
"123",-1.11630401860813,1.51554247273488,"1"
"124",-0.955463195406411,1.62544363491531,"1"
"125",-0.870824552487266,1.56507797342871,"1"
"126",-0.55608299873184,1.48249963283611,"1"
"127",-0.691833455122085,1.16349795830505,"1"
"128",-0.902819875992409,1.63344867020821,"1"
"129",-0.86248072678577,1.71238736508861,"1"
"130",-0.790615419273858,1.53350968175839,"1"
"131",-0.665126521343216,1.4591031449467,"1"
"132",-1.05102998511852,1.89173095563404,"1"
"133",-0.634281861204834,1.24632820588863,"1"
"134",-0.896897095359951,1.38773429179757,"1"
"135",-0.915662241902871,1.20148919984083,"1"
"136",-0.879900235776676,1.66984697528776,"1"
"137",-0.802464929512235,1.56113831259847,"1"
"138",-0.921442658682857,1.46585672222327,"1"
"139",-0.809961517368105,1.59122975907982,"1"
"140",-0.701962812435677,1.28615907734071,"1"
"141",-1.11142741319565,1.70330777906821,"1"
"142",-1.17193939920157,1.50018593144945,"1"
"143",-1.33088686846021,1.53920162171834,"1"
"144",-0.921806693068324,1.4790532255838,"1"
"145",-1.26670874825007,1.14120995087894,"1"
"146",-1.07560986734662,1.48949481381028,"1"
"147",-0.714017644372724,1.44776402952339,"1"
"148",-1.03978523036104,1.13582434477398,"1"
"149",-0.735670402472701,1.74304374069601,"1"
"150",-0.946063778911283,1.17282156129911,"1"
"151",-0.57652424650853,1.55258148534796,"1"
"152",-1.09060005842393,1.72273659083971,"1"
"153",-1.44096699513049,1.49789832172038,"1"
"154",-0.692541642431879,1.49107905383515,"1"
"155",-0.66661126028004,1.31773309387414,"1"
"156",-0.947166285150461,1.54179174901994,"1"
"157",-0.89442398655806,1.46453079937439,"1"
"158",-1.14206905161016,1.52851911456853,"1"
"159",-1.05356799583323,1.33536690315613,"1"
"160",-1.06465559555017,1.70812809773198,"1"
"161",-0.743613072528384,1.21793530063238,"1"
"162",-1.29425652893959,1.38828770015071,"1"
"163",-1.04199999855531,1.44902070554928,"1"
"164",-0.857511861232771,1.686567841263,"1"
"165",-1.0978071124436,1.18973353009192,"1"
"166",-0.679626430593345,1.21332465814472,"1"
"167",-0.983189987939609,1.44975712844605,"1"
"168",-0.652326564091809,1.38770843981057,"1"
"169",-1.03054654851644,1.65723245208081,"1"
"170",-0.838136825484857,1.40840016709699,"1"
"171",-1.19938741574194,1.26362288934958,"1"
"172",-0.944592503833184,1.52173661326444,"1"
"173",-1.16034652577678,1.60802651367389,"1"
"174",-0.768609365719883,1.16368395422176,"1"
"175",-0.859858437493215,1.47921408774891,"1"
"176",-0.938044385029093,1.27528866801768,"1"
"177",-1.29451888547141,1.81710580558895,"1"
"178",-0.64707757543828,1.31879781768735,"1"
"179",-1.43152946119811,1.32724175476506,"1"
"180",-0.954510086132815,1.15004672445161,"1"
"181",-1.2894982530496,1.67378647806846,"1"
"182",-1.04239133582494,1.37913089649066,"1"
"183",-0.738436107953869,1.58130326105677,"1"
"184",-0.808435188559485,1.4161335613042,"1"
"185",-1.0564198782419,1.79379626147446,"1"
"186",-0.924557208078559,1.4306730181171,"1"
"187",-1.04908186513232,1.5094806857048,"1"
"188",-1.11812353385985,1.39988927561592,"1"
"189",-0.743478764327849,1.37005013244992,"1"
"190",-0.809884383901873,1.72989318702799,"1"
"191",-0.495223416144683,1.26803941696291,"1"
"192",-0.958883408223697,1.72642576941968,"1"
"193",-1.05680009811873,1.37282788949892,"1"
"194",-1.14269404671311,1.78231153675282,"1"
"195",-1.00192797353709,1.15668359562967,"1"
"196",-0.937614168771242,1.42752097874739,"1"
"197",-0.657926024109414,1.67465850448868,"1"
"198",-0.978723993582773,1.65811781739343,"1"
"199",-0.841273119937833,1.52185283508675,"1"
"200",-0.815254356778289,1.48135017345634,"1"
"201",-0.990617110970563,1.67584069103335,"1"
"202",-1.06581481685283,1.35226156697844,"1"
"203",-0.787719928089791,1.60031418883682,"1"
"204",-0.97547537241649,1.56048975951092,"1"
"205",-0.800459918586063,1.34375864077655,"1"
"206",-0.788461454629623,1.36150363844983,"1"
"207",-1.23557197716446,1.24032047896061,"1"
"208",-1.39947222541249,1.49941802125534,"1"
"209",-0.860117458657158,1.58613994384755,"1"
"210",-1.09906513796306,1.92444421006517,"1"
"211",-1.06209637608562,0.888462187247545,"1"
"212",-1.03302101704699,1.52119333138323,"1"
"213",-0.663338527716849,1.68657957941455,"1"
"214",-1.24503640055227,1.67916846475983,"1"
"215",-1.28966168523618,1.73970076262337,"1"
"216",-1.06880711565298,1.19649004113708,"1"
"217",-0.870044003904177,1.70106763976877,"1"
"218",-0.89235819958567,1.32990305669381,"1"
"219",-0.770743356063838,1.66124345766965,"1"
"220",-0.798118132580969,1.58020392565931,"1"
"221",-1.04368482479385,1.79710988863866,"1"
"222",-1.23022464542369,1.27558827908452,"1"
"223",-0.958590590159753,1.57635818291639,"1"
"224",-1.00034920347304,1.43307486175611,"1"
"225",-0.840899216998432,1.56333611134906,"1"
"226",-1.176316601869,1.27588673083963,"1"
"227",-0.841401368378127,1.47939183830722,"1"
"228",-0.885551757415726,1.72034807980784,"1"
"229",-0.589308725619933,1.54030782337779,"1"
"230",-0.708884673014342,1.83971073120837,"1"
"231",-0.586052366052681,1.2114193019427,"1"
"232",-0.753733484616905,1.41312322667032,"1"
"233",-0.835607619968931,1.24803999920677,"1"
"234",-1.01582883338642,1.29870364940415,"1"
"235",-0.90124328823282,1.64262668211744,"1"
"236",-0.932600146713245,1.52534178603795,"1"
"237",-1.12134219898232,1.24770191229246,"1"
"238",-0.902005594592233,1.37293714645214,"1"
"239",-1.42620248059738,1.96146998225959,"1"
"240",-1.08157888162912,1.34600233495143,"1"
"241",-1.12760039316943,1.64423424057595,"1"
"242",-1.28393908443401,1.5263493466181,"1"
"243",-1.00998535519994,1.35273812006165,"1"
"244",-1.07474447561164,1.56295865783512,"1"
"245",-0.995630591935668,1.41617610386085,"1"
"246",-1.36649872872969,1.00573153812682,"1"
"247",-0.674979199290103,1.58025378386484,"1"
"248",-0.901402482448833,1.60237193984414,"1"
"249",-0.906523474065338,1.54878007557451,"1"
"250",-0.71003541315343,1.31971067997228,"1"
"251",-0.631301537086427,1.49427008116863,"1"
"252",-1.12073412647655,1.60238845781325,"1"
"253",-1.10914274670263,1.14353471257049,"1"
"254",-1.06348780173963,1.33554173158849,"1"
"255",-1.33181882468837,1.79950670628048,"1"
"256",-0.99561447712756,1.39653534362532,"1"
"257",-0.888314467911744,1.47683523321745,"1"
"258",-1.19146601891594,1.34757926778635,"1"
"259",-1.09569482244375,1.53545136206297,"1"
"260",-1.10828557760853,1.3121690142116,"1"
"261",-1.06483561332561,1.39156176666254,"1"
"262",-1.11860793870578,1.3453550287559,"1"
"263",-1.08446740872552,1.35355395811589,"1"
"264",-0.992943703213815,1.59193157045766,"1"
"265",-0.838199165813386,1.26900284804966,"1"
"266",-1.11221040606065,1.6318352195188,"1"
"267",-0.983475131108681,1.42110417307804,"1"
"268",-1.14986917094429,1.1381208755428,"1"
"269",-0.968928137631754,1.62655275684859,"1"
"270",-0.7468449153304,1.56959493460544,"1"
"271",-1.00459093157989,1.41164018824369,"1"
"272",-0.780494246040545,1.52170109035768,"1"
"273",-0.940836095224096,1.41796116001376,"1"
"274",-1.22221754517662,1.34517674834233,"1"
"275",-1.08284884639714,1.45475071684344,"1"
"276",-1.03234641383853,1.63517928212641,"1"
"277",-0.724030246188775,1.51890199707856,"1"
"278",-1.06660199568566,1.57345782745616,"1"
"279",-1.14788345513327,1.7301911561896,"1"
"280",-1.00527016124706,1.50267242050073,"1"
"281",-0.835707737130695,1.39288822883554,"1"
"282",-1.30065035023341,1.29469401978063,"1"
"283",-0.592627496275777,1.5103509534816,"1"
"284",-1.08436219363946,1.22558549326848,"1"
"285",-1.17996480423385,1.8874502201385,"1"
"286",-1.1414682709635,1.61057492593775,"1"
"287",-0.971187990482493,1.50195792874935,"1"
"288",-0.968455569473732,1.02139002179822,"1"
"289",-0.927765973311959,1.134284560215,"1"
"290",-1.15899200989017,1.73507556136245,"1"
"291",-0.776246644853753,1.36474166138093,"1"
"292",-1.07277355604298,1.63485847876901,"1"
"293",-0.85038518688349,1.35073651409457,"1"
"294",-1.37439558712364,1.54682451127186,"1"
"295",-1.02212540179407,1.63232923057026,"1"
"296",-1.03364164332911,1.40984156012086,"1"
"297",-1.05012607115256,1.74866441258866,"1"
"298",-0.507329562327073,1.51925889089087,"1"
"299",-1.00067261531666,1.53891019228322,"1"
"300",-1.19548775959287,1.55247534279039,"1"
"301",-0.861441843780992,1.47170340669761,"1"
"302",-0.88641829187714,1.95237401193714,"1"
"303",-0.535182970391857,1.35056548673668,"1"
"304",-0.936318510753108,1.46734168390828,"1"
"305",-1.07155381981148,1.31989198605332,"1"
"306",-0.55661736131678,1.42561898296734,"1"
"307",-1.00898124578536,1.44505369061727,"1"
"308",-0.790679391025969,1.93075889149097,"1"
"309",-0.97153525055458,1.35317367609095,"1"
"310",-1.19671766411676,1.48602118294705,"1"
"311",-1.01912785562826,1.46035655890849,"1"
"312",-0.949629598110194,1.33073046673174,"1"
"313",-1.32110118045905,1.30917082259541,"1"
"314",-1.16403438964253,1.6652661496123,"1"
"315",-0.820870169284083,1.44058159271659,"1"
"316",-0.936033025680919,1.66115965961421,"1"
"317",-0.70318284237648,1.61665961882098,"1"
"318",-0.809729277483956,1.64334814104947,"1"
"319",-1.12740619872125,1.59071987543492,"1"
"320",-1.09811217437882,1.31835766326885,"1"
"321",-0.912546744933495,1.30534331103335,"1"
"322",-0.818863564881222,1.7798103573735,"1"
"323",-0.828410379632298,1.36769358142546,"1"
"324",-1.19698944358846,1.49699038623279,"1"
"325",-1.3023333583675,1.37422893610547,"1"
"326",-0.649572974620386,1.20352980404382,"1"
"327",-0.669137453319848,1.49580103018013,"1"
"328",-1.03655377542964,1.33544693384415,"1"
"329",-0.936233632354297,1.66525403953347,"1"
"330",-1.24726945510675,1.70037126531362,"1"
"331",-1.02633425776736,1.61342351282642,"1"
"332",-1.07051701452633,1.44058057324096,"1"
"333",-1.27339270569983,1.73795257731847,"1"
"334",-0.891856340827321,1.6656967832291,"1"
"335",-0.949762722513048,1.51478896036133,"1"
"336",-0.875715848495478,1.16353348330962,"1"
"337",-1.00026090666301,1.18690223042716,"1"
"338",-0.971158379459338,1.55687437556853,"1"
"339",-0.859762204333966,1.84135057420542,"1"
"340",-0.958811624940811,1.19201445207936,"1"
"341",-0.761661342062628,1.53648296414964,"1"
"342",-1.12781171016268,1.50947331289265,"1"
"343",-1.29277846181336,1.51765608928313,"1"
"344",-0.767536826725141,1.6646661099544,"1"
"345",-0.798938383617566,1.78235453014213,"1"
"346",-0.847944912887906,1.22623168694039,"1"
"347",-0.865648502097485,1.67650226349274,"1"
"348",-1.08839393632859,1.52796145435315,"1"
"349",-0.816550209105989,1.50066401557843,"1"
"350",-0.953882505187666,1.41828263873986,"1"
"351",-0.901197200425609,1.540325944707,"1"
"352",-1.18793594906072,1.58049373521442,"1"
"353",-1.2413113613759,1.34857243646086,"1"
"354",-1.20456062459829,1.23209001963624,"1"
"355",-1.16887859822315,1.8102530518204,"1"
"356",-1.12208990734083,1.51404260994357,"1"
"357",-0.926124278107732,1.48300227987701,"1"
"358",-0.681107342809161,1.15836195462182,"1"
"359",-0.880449991471606,1.14311148289642,"1"
"360",-0.92757002849894,1.42790489088828,"1"
"361",-1.00561579248665,1.35750925070651,"1"
"362",-0.62388424058612,1.61312936863348,"1"
"363",-1.19619374055151,1.56213847752611,"1"
"364",-1.24558571710274,1.16067990193754,"1"
"365",-0.869354426801886,1.52733040894823,"1"
"366",-1.35988947423633,1.57544679721991,"1"
"367",-1.15461764707036,1.47840161863997,"1"
"368",-1.15392310666861,1.32602876276673,"1"
"369",-0.656018927052372,1.64575042123959,"1"
"370",-1.16196339044866,1.38452683383198,"1"
"371",-0.918301021426233,1.58249153936206,"1"
"372",-1.14603078009388,1.35966183190406,"1"
"373",-1.11438550076018,1.61021586805778,"1"
"374",-1.06492351260067,1.80989408504989,"1"
"375",-1.09984501036867,1.63379630251023,"1"
"376",-0.70569791101752,1.3039342142768,"1"
"377",-1.0513164737361,1.50080937067419,"1"
"378",-0.891633290007543,1.62261687670218,"1"
"379",-1.11252545634734,1.41962459573902,"1"
"380",-1.16642142878921,1.24089713105913,"1"
"381",-0.985015926661689,1.80381638058598,"1"
"382",-0.742504932005364,1.39472468363911,"1"
"383",-1.04709424090226,1.59787192011616,"1"
"384",-0.854672984815629,1.10088474001517,"1"
"385",-1.07705973664612,1.56776211526151,"1"
"386",-0.886447702979359,1.35022078251609,"1"
"387",-0.714790057388713,1.3280329836153,"1"
"388",-1.03505118085196,1.66326299389479,"1"
"389",-1.03548568741657,0.900895855538575,"1"
"390",-0.263437496706761,1.37828452690469,"1"
"391",-0.805633523239009,1.5234700400747,"1"
"392",-1.07340438719999,1.26993599850134,"1"
"393",-0.853913373607111,1.45123165821923,"1"
"394",-1.2092164740485,1.72955129476411,"1"
"395",-1.15993431938092,1.47293007433584,"1"
"396",-1.01101772899121,1.44244926834156,"1"
"397",-1.03304237396573,1.68359530440596,"1"
"398",-0.854690140790355,1.39384639590847,"1"
"399",-1.28778741018579,1.35676743278867,"1"
"400",-1.17868827836359,1.32628386789302,"1"
"401",-0.825432534893937,1.40183794484435,"1"
"402",-1.15045737115833,1.5764319640225,"1"
"403",-1.20567337691536,1.8129245111857,"1"
"404",-1.37115073854111,1.4220885020388,"1"
"405",-1.04629101275359,1.73249227800462,"1"
"406",-0.95173225511797,1.795447167959,"1"
"407",-0.910942120147339,1.15584747757041,"1"
"408",-0.857500462835215,1.52635553843546,"1"
"409",-1.30728573956039,1.69571648619621,"1"
"410",-0.604329743780881,1.33069746003703,"1"
"411",-0.97874850568329,1.24377890714095,"1"
"412",-1.33172201822293,1.385748011573,"1"
"413",-0.835615199057092,1.51160953307523,"1"
"414",-1.06983176653262,1.36904952253629,"1"
"415",-0.826867637522111,1.56600084416344,"1"
"416",-0.897160168342244,1.27377370220623,"1"
"417",-0.666808294844327,1.15649155689463,"1"
"418",-1.06438480581162,1.49628589828608,"1"
"419",-0.889505502938326,1.44014962562077,"1"
"420",-0.820381949611712,1.32459229577402,"1"
"421",-1.16947167712176,1.52319342281957,"1"
"422",-0.951485204722603,1.34653210249104,"1"
"423",-0.892387644292539,1.56286511066181,"1"
"424",-1.09624094733149,1.46780475709287,"1"
"425",-1.03506064906617,1.78919616259414,"1"
"426",-1.2846822087827,1.60340818131633,"1"
"427",-0.560713160834177,1.48947315277463,"1"
"428",-0.752083400274087,1.66160904479022,"1"
"429",-0.873962401448793,1.62311390266751,"1"
"430",-0.919613034590129,1.49000975872089,"1"
"431",-1.49564957275197,1.61148573646424,"1"
"432",-1.06402104195945,1.50125515613564,"1"
"433",-0.939088905034706,1.53669282425068,"1"
"434",-1.06936197465485,1.60863716452748,"1"
"435",-1.11494290625127,1.59437183206032,"1"
"436",-0.760138506063636,1.42231232071098,"1"
"437",-1.23356413451374,1.53117651751689,"1"
"438",-0.895554929930673,1.33599304617263,"1"
"439",-1.11688829815789,1.47894258895318,"1"
"440",-1.237989796563,1.61599846970896,"1"
"441",-1.2439791858082,1.706200014196,"1"
"442",-1.11464438389052,1.71260470977543,"1"
"443",-0.828028216885106,1.77120815781019,"1"
"444",-0.885844312274634,1.69766154079331,"1"
"445",-1.40767243048014,1.55005516193639,"1"
"446",-1.38780370199691,1.8503326537044,"1"
"447",-0.970968776775684,1.62293705868172,"1"
"448",-1.07521079645816,1.41444154910641,"1"
"449",-1.08921347644517,1.51244920452681,"1"
"450",-0.79989046807258,1.58892941065356,"1"
"451",-0.883068787521067,1.63520089549994,"1"
"452",-0.916943555972519,1.10446837848585,"1"
"453",-1.12659108246188,1.64421673580644,"1"
"454",-0.850241329380331,1.23732446553541,"1"
"455",-1.09250302952681,1.32211075601647,"1"
"456",-0.997795905898074,1.81409818940201,"1"
"457",-0.98353842852228,1.73664468893778,"1"
"458",-0.620778734285796,1.62176675895808,"1"
"459",-1.01467364267328,1.31798944167084,"1"
"460",-0.960705330121125,1.63517665192242,"1"
"461",-1.07059131567934,1.29528482652908,"1"
"462",-0.665388824076451,1.4630975307406,"1"
"463",-1.10013388485435,1.4776489174469,"1"
"464",-1.18180564646672,1.741963907936,"1"
"465",-1.24126566571853,1.65094021543263,"1"
"466",-0.778285340390247,1.23513481251048,"1"
"467",-0.950792773458841,1.61350092006383,"1"
"468",-0.862934130610553,1.75760789364434,"1"
"469",-1.11907823462043,1.45860186438996,"1"
"470",-0.93223120870378,1.83310778181686,"1"
"471",-1.06333021645156,1.52064471190791,"1"
"472",-1.14950771749394,1.32583399122516,"1"
"473",-1.20624833417693,1.55278096647941,"1"
"474",-0.878365799082365,1.52408567242579,"1"
"475",-1.21570246413961,1.65404258890903,"1"
"476",-0.924330084574648,1.09302643186062,"1"
"477",-0.910697029449699,1.58443453963358,"1"
"478",-1.08536636674755,1.41603572585346,"1"
"479",-0.894711318599818,0.975955644328172,"1"
"480",-0.921813650875227,1.27375265628554,"1"
"481",-1.29137426141751,1.73803518151554,"1"
"482",-1.02321567914556,1.37404902709909,"1"
"483",-0.941226720173664,1.13745136678069,"1"
"484",-1.31094911113854,1.32343285339858,"1"
"485",-0.839909113392089,1.41962773324056,"1"
"486",-0.525112367245909,1.64012469579695,"1"
"487",-1.02197358263829,1.56928676355546,"1"
"488",-0.921553434105944,1.79643523444668,"1"
"489",-1.13248829982055,1.25903968374778,"1"
"490",-1.12552910347172,1.56267926816882,"1"
"491",-0.803101345599917,1.48276055542879,"1"
"492",-0.710966325682967,1.93260298918922,"1"
"493",-1.09890423163912,1.32817748766461,"1"
"494",-1.3550721608487,1.31223798429451,"1"
"495",-1.575554889908,1.48693573400333,"1"
"496",-0.877693088471345,1.17988565016061,"1"
"497",-0.835596118749749,1.45769033420747,"1"
"498",-1.09747041665391,1.32133664864675,"1"
"499",-1.30507601993829,1.593511861605,"1"
"500",-1.02502562909536,1.33237389076614,"1"
"501",-1.07201695302501,-1.90600856160745,"2"
"502",-1.18465578206815,-0.872732243034989,"2"
"503",-0.766287227161229,-0.912944232579321,"2"
"504",-1.48678866657428,-1.59794167941436,"2"
"505",-1.46263255085796,-0.901835692580789,"2"
"506",-1.38599917548709,-0.743293507024646,"2"
"507",-1.04853722755797,-1.8825762826018,"2"
"508",-1.11069509130903,-0.883583840448409,"2"
"509",-0.791062746895477,-1.20330754201859,"2"
"510",-1.29524955223314,-1.99060252588242,"2"
"511",-1.49468960263766,-1.25696150446311,"2"
"512",-1.11673558899201,-1.1627034181729,"2"
"513",-1.35172563791275,-1.2042992929928,"2"
"514",-1.05016006506048,-0.359903765842319,"2"
"515",-1.0086512840353,-1.58822554443032,"2"
"516",-0.522715060971677,-0.965791101101786,"2"
"517",-0.574926523957402,-1.64262641733512,"2"
"518",-1.10572527023032,-0.442152219358832,"2"
"519",-1.26100869476795,-0.690357186831534,"2"
"520",-0.974284996511415,-0.600220223423094,"2"
"521",-0.738783749518916,-0.699420058168471,"2"
"522",-0.835218973224983,-0.192267440725118,"2"
"523",-0.535888971062377,-1.59023252269253,"2"
"524",-0.698739067651331,-1.89185620611534,"2"
"525",-1.27020448353142,-0.459459925536066,"2"
"526",-0.963053627172485,-1.4344951431267,"2"
"527",-0.649778070859611,-0.511024648323655,"2"
"528",-1.00210911780596,-1.73135081725195,"2"
"529",-1.24267130182125,-0.0792025323025882,"2"
"530",-0.844277245691046,-0.135675617028028,"2"
"531",-1.4815777821932,-0.723356817383319,"2"
"532",-0.736586266895756,-1.76150766480714,"2"
"533",-1.48118846281432,-1.93126535881311,"2"
"534",-0.550613445462659,-1.86193133145571,"2"
"535",-1.27916848938912,-1.00730560952798,"2"
"536",-0.83305802103132,-1.91173736099154,"2"
"537",-0.742296156240627,-1.44578477274626,"2"
"538",-0.516430832678452,-1.4301137207076,"2"
"539",-0.726406468311325,-1.21988614695147,"2"
"540",-1.03693924378604,-0.437848317436874,"2"
"541",-0.633735593408346,-0.829520840663463,"2"
"542",-1.44155195145868,-0.807094898540527,"2"
"543",-0.681546564679593,-1.36832643160596,"2"
"544",-1.15497560868971,-0.804728688206524,"2"
"545",-1.43914684816264,-0.0579141019843519,"2"
"546",-0.505034792469814,-1.41083803121001,"2"
"547",-0.650055626407266,-0.49917672900483,"2"
"548",-1.19079227978364,-0.408336473628879,"2"
"549",-1.1380217964761,-1.74015588592738,"2"
"550",-0.722412440460175,-1.40392620535567,"2"
"551",-1.19540707208216,-1.85447655292228,"2"
"552",-0.760585888056085,-1.76226454880089,"2"
"553",-1.24644838366657,-1.25330651551485,"2"
"554",-1.33535448368639,-0.263553773518652,"2"
"555",-0.990013027563691,-1.6418881257996,"2"
"556",-0.609690675977618,-0.670650009065866,"2"
"557",-0.93907638406381,-0.0815365687012672,"2"
"558",-0.724994504125789,-1.04109352035448,"2"
"559",-0.880286406725645,-1.70165093103424,"2"
"560",-0.722090117633343,-0.81560831097886,"2"
"561",-0.891031513456255,-1.22838794440031,"2"
"562",-0.952318869531155,-1.78139080898836,"2"
"563",-0.930034044198692,-0.71328291669488,"2"
"564",-1.33477345015854,-1.70816898113117,"2"
"565",-0.731349861482158,-1.82994774635881,"2"
"566",-1.23013030854054,-0.00557608203962445,"2"
"567",-1.018644916825,-1.0356876226142,"2"
"568",-0.834067425690591,-1.05383484624326,"2"
"569",-0.914975605206564,-1.02606220031157,"2"
"570",-1.09355479828082,-1.82764257024974,"2"
"571",-1.46157801547088,-0.397393783554435,"2"
"572",-0.924747538287193,-0.178306939546019,"2"
"573",-1.07195116369985,-0.802080128341913,"2"
"574",-0.853728046175092,-0.555100990459323,"2"
"575",-0.925320505630225,-0.505520425271243,"2"
"576",-1.14302049903199,-1.8246515551582,"2"
"577",-0.546298870583996,-1.8028815262951,"2"
"578",-1.22443489124998,-0.52752440655604,"2"
"579",-0.660105843795463,-1.68986359331757,"2"
"580",-1.02370485872962,-0.61022067302838,"2"
"581",-1.32978262891993,-1.70751762017608,"2"
"582",-1.32260566670448,-1.03567512147129,"2"
"583",-1.02167803049088,-1.52493825275451,"2"
"584",-1.01919446676038,-0.412830688524991,"2"
"585",-0.688032023608685,-0.298918905202299,"2"
"586",-0.933202613843605,-1.92496085120365,"2"
"587",-1.41967238835059,-0.772105616051704,"2"
"588",-0.999382707057521,-0.306278645992279,"2"
"589",-1.26138546760194,-0.902525529265404,"2"
"590",-1.19653167924844,-1.46301472000778,"2"
"591",-1.4754168598447,-1.3078216095455,"2"
"592",-1.20258881966583,-0.0491950837895274,"2"
"593",-1.03909874917008,-0.519317602273077,"2"
"594",-1.19835563586093,-1.72085339715704,"2"
"595",-1.22488920181058,-0.656846506521106,"2"
"596",-0.74919769843109,-1.7671913234517,"2"
"597",-1.01442978670821,-0.665151117369533,"2"
"598",-0.884875411400571,-1.10228147218004,"2"
"599",-0.593130675842986,-1.16957193333656,"2"
"600",-1.43374315765686,-0.427319483365864,"2"
"601",-0.932303369743749,-1.57665955135599,"2"
"602",-0.546215220121667,-1.65623035887256,"2"
"603",-1.26265900651924,-1.08001474337652,"2"
"604",-1.21644515474327,-0.736398029606789,"2"
"605",-1.10007832152769,-0.982487086672336,"2"
"606",-1.18423970812,-1.40145094785839,"2"
"607",-1.1270064136479,-0.421280153095722,"2"
"608",-0.987174855079502,-1.8518512705341,"2"
"609",-0.759517891332507,-0.0594433508813381,"2"
"610",-1.08214961364865,-0.627177835907787,"2"
"611",-0.983173318440095,-0.328044622670859,"2"
"612",-0.73921004217118,-1.71799312485382,"2"
"613",-0.678259022533894,-0.132935252040625,"2"
"614",-0.658289645332843,-1.91963515756652,"2"
"615",-0.835738176247105,-1.4117020200938,"2"
"616",-0.726451461669058,-1.77629777695984,"2"
"617",-0.718461373820901,-1.72274799039587,"2"
"618",-0.767596983816475,-0.0106030222959816,"2"
"619",-1.17227311688475,-0.399532246403396,"2"
"620",-1.28418953111395,-0.675399663392454,"2"
"621",-0.614332964876667,-1.89420441538095,"2"
"622",-1.46285447687842,-0.0420680567622185,"2"
"623",-1.38734360318631,-0.353001412004232,"2"
"624",-1.15094614797272,-0.234776353463531,"2"
"625",-1.16979095502757,-1.43608866026625,"2"
"626",-0.982074905186892,-0.303555141203105,"2"
"627",-1.04260430461727,-1.37327833520249,"2"
"628",-1.05437995446846,-0.336829354520887,"2"
"629",-1.17406650679186,-1.47033457830548,"2"
"630",-1.46281235502101,-0.890339561738074,"2"
"631",-0.549116933951154,-0.323535560164601,"2"
"632",-1.38212131243199,-0.91217525722459,"2"
"633",-1.49481111811474,-0.299489394295961,"2"
"634",-0.801997996633872,-1.47260928666219,"2"
"635",-0.533608050551265,-0.353038829285651,"2"
"636",-0.850352282635868,-1.70162712782621,"2"
"637",-1.05860794149339,-0.878843290731311,"2"
"638",-0.939493183745071,-1.87798966560513,"2"
"639",-0.942802467616275,-0.2200986770913,"2"
"640",-0.857259385287762,-0.624307568650693,"2"
"641",-0.556957029970363,-1.91717010783032,"2"
"642",-1.22014071675949,-1.42795236036181,"2"
"643",-0.707461551995948,-1.95178258558735,"2"
"644",-0.946952453581616,-0.794201076496392,"2"
"645",-0.977895883610472,-0.0665945750661194,"2"
"646",-1.43609915301204,-0.26575325941667,"2"
"647",-1.1131695273798,-0.67113204067573,"2"
"648",-0.935410422738642,-1.25662889936939,"2"
"649",-0.862823543837294,-1.28028767788783,"2"
"650",-0.854096596362069,-1.08395059034228,"2"
"651",-0.891393381170928,-1.02006819145754,"2"
"652",-0.598809733754024,-1.39521131245419,"2"
"653",-1.15999884251505,-1.79349840339273,"2"
"654",-0.510297579457983,-1.2165218340233,"2"
"655",-0.580924817593768,-1.05278403172269,"2"
"656",-1.32831528782845,-0.972724410705268,"2"
"657",-1.40734648518264,-1.63739850884303,"2"
"658",-1.41952045774087,-0.969785497989506,"2"
"659",-0.789500913582742,-1.70998960407451,"2"
"660",-1.11564108962193,-0.748779881279916,"2"
"661",-0.848394152708352,-0.779901613947004,"2"
"662",-1.44392806361429,-0.045401172246784,"2"
"663",-1.30960497516207,-1.58233197312802,"2"
"664",-1.0581761719659,-0.39748527482152,"2"
"665",-1.35981494281441,-0.895552286878228,"2"
"666",-0.757238319609314,-1.92181618651375,"2"
"667",-0.745842531323433,-0.540091076400131,"2"
"668",-1.24696971289814,-0.767694864422083,"2"
"669",-1.35417083371431,-0.235423689242452,"2"
"670",-0.916413075756282,-1.13221823750064,"2"
"671",-0.926859904779121,-1.62573258625343,"2"
"672",-0.816035465802997,-0.0738358250819147,"2"
"673",-0.750411772402003,-0.266551854554564,"2"
"674",-1.0547307045199,-0.969684650655836,"2"
"675",-0.633428698405623,-0.588856684975326,"2"
"676",-0.919677225407213,-1.69030300248414,"2"
"677",-0.770396490581334,-0.606673187576234,"2"
"678",-0.574309518095106,-1.21287022391334,"2"
"679",-1.39278873009607,-0.616769962478429,"2"
"680",-1.43284759228118,-0.134627429768443,"2"
"681",-0.679191768635064,-1.18646496254951,"2"
"682",-1.17826872412115,-1.02952811820433,"2"
"683",-1.27387475268915,-0.489614186808467,"2"
"684",-0.723487606970593,-0.198237979318947,"2"
"685",-1.37915521208197,-1.22653362993151,"2"
"686",-0.762743856757879,-0.499584773089737,"2"
"687",-0.752053627511486,-1.71185507532209,"2"
"688",-0.750603803200647,-0.459529441315681,"2"
"689",-0.939138683024794,-0.407046509440988,"2"
"690",-0.825253269635141,-0.2795773120597,"2"
"691",-0.582529007224366,-1.98707916820422,"2"
"692",-0.762934377184138,-1.9439138751477,"2"
"693",-0.616584459552541,-1.22479330096394,"2"
"694",-1.22283531352878,-0.104221893008798,"2"
"695",-1.00081878271885,-1.04217251343653,"2"
"696",-1.41455717221834,-0.812867284752429,"2"
"697",-1.23273445642553,-1.83551464835182,"2"
"698",-1.44167324528098,-0.912345441523939,"2"
"699",-1.20553029445,-0.873919865582138,"2"
"700",-1.40014553721994,-1.07255006581545,"2"
"701",-0.88666390045546,-1.2374375439249,"2"
"702",-0.90015854453668,-0.691127292346209,"2"
"703",-1.39516652398743,-0.030008336994797,"2"
"704",-1.40673942537978,-1.60815361049026,"2"
"705",-1.21286870865151,-0.306964850984514,"2"
"706",-0.790198242524639,-1.74311533477157,"2"
"707",-0.641287896316499,-0.560523526743054,"2"
"708",-1.45772804855369,-0.0659475605934858,"2"
"709",-1.24147173925303,-1.79550161352381,"2"
"710",-1.12635848391801,-1.0111504313536,"2"
"711",-0.728535660076886,-0.330105141736567,"2"
"712",-1.07935220049694,-1.03861611615866,"2"
"713",-0.890742998570204,-1.73591925064102,"2"
"714",-0.756783337565139,-1.67646302469075,"2"
"715",-1.14452636917122,-1.1631429954432,"2"
"716",-0.954624275211245,-0.299619981553406,"2"
"717",-1.2867070438806,-0.587534974794835,"2"
"718",-0.639961735345423,-0.441844405140728,"2"
"719",-1.31977504887618,-0.719285468105227,"2"
"720",-0.897482967237011,-1.48676841612905,"2"
"721",-1.35323273343965,-0.770144101697952,"2"
"722",-1.23515474703163,-1.91408386919647,"2"
"723",-0.772901794873178,-0.0537091554142535,"2"
"724",-0.642200528644025,-1.10797907132655,"2"
"725",-0.723482786677778,-1.28605464147404,"2"
"726",-0.690072085009888,-1.63389522908255,"2"
"727",-1.18737452919595,-0.655476666521281,"2"
"728",-0.889945421833545,-0.532752564642578,"2"
"729",-0.952977059641853,-0.375809414312243,"2"
"730",-0.838362355018035,-1.40487633179873,"2"
"731",-1.48501641722396,-0.595613839104772,"2"
"732",-0.665286234114319,-1.09906452754512,"2"
"733",-1.32958853757009,-1.7903176099062,"2"
"734",-0.66702767694369,-1.00263592414558,"2"
"735",-0.616068965988234,-1.99028353998438,"2"
"736",-1.4587562023662,-0.498403313104063,"2"
"737",-0.520433080615476,-1.34269259590656,"2"
"738",-1.20937204034999,-0.36415183916688,"2"
"739",-0.571571764303371,-1.94944695802405,"2"
"740",-1.09813239309005,-0.718991191126406,"2"
"741",-1.22046954231337,-1.34065631916746,"2"
"742",-1.13353581679985,-0.293309818953276,"2"
"743",-0.786264514084905,-1.35211620712653,"2"
"744",-0.655920383054763,-0.274708933196962,"2"
"745",-1.24926100857556,-1.32490136334673,"2"
"746",-0.730244165984914,-1.92640517838299,"2"
"747",-0.736523015191779,-0.479928676970303,"2"
"748",-1.04758709762245,-1.75126171065494,"2"
"749",-0.601290624355897,-1.23756251111627,"2"
"750",-0.815837949514389,-1.39977272646502,"2"
"751",-0.547573826508597,-1.35501524060965,"2"
"752",-1.2583442882169,-1.84131986089051,"2"
"753",-0.989475978305563,-0.172802112065256,"2"
"754",-0.593667897861451,-1.37393152387813,"2"
"755",-1.04173951176926,-0.0892009418457747,"2"
"756",-0.903090206207708,-1.57725353352726,"2"
"757",-1.03768288088031,-0.89554524468258,"2"
"758",-0.833360185846686,-1.66693826578557,"2"
"759",-1.34767708322033,-0.0831855228170753,"2"
"760",-1.27671430679038,-0.278421643655747,"2"
"761",-1.26196006499231,-1.79453902645037,"2"
"762",-1.04240916017443,-1.5770076890476,"2"
"763",-1.10101091582328,-0.964942793361843,"2"
"764",-0.646810656646267,-1.37501768348739,"2"
"765",-1.33155765221454,-0.402205359190702,"2"
"766",-0.930817765416577,-1.56351151783019,"2"
"767",-1.33089621062391,-1.24930605199188,"2"
"768",-0.875970953144133,-0.0089173405431211,"2"
"769",-1.11508874152787,-0.285645356867462,"2"
"770",-0.916638965951279,-0.719173739198595,"2"
"771",-0.70024822675623,-1.12858091853559,"2"
"772",-0.719961365219206,-0.501522575970739,"2"
"773",-0.571312843356282,-0.84131171554327,"2"
"774",-1.21753867086954,-0.855312542524189,"2"
"775",-1.42159312195145,-0.28597185947001,"2"
"776",-1.44657362578437,-1.03848601086065,"2"
"777",-0.616305489325896,-1.20563834160566,"2"
"778",-1.32004896271974,-1.4870225302875,"2"
"779",-1.48823048220947,-1.06882900977507,"2"
"780",-0.820293214172125,-0.760706600733101,"2"
"781",-0.777649462921545,-0.104322279803455,"2"
"782",-1.30199445667677,-0.0380938989110291,"2"
"783",-0.614638357423246,-1.00035161478445,"2"
"784",-0.937137700384483,-0.990703162271529,"2"
"785",-0.68900002236478,-0.609689534176141,"2"
"786",-0.835669562686235,-0.562175124883652,"2"
"787",-0.500381117220968,-0.574944387655705,"2"
"788",-1.18520409800112,-1.83461098372936,"2"
"789",-1.36414650455117,-1.178057952784,"2"
"790",-1.15544667746872,-1.04254844971001,"2"
"791",-0.547476681414992,-0.319021413102746,"2"
"792",-1.49190920521505,-0.316807477269322,"2"
"793",-1.41583873634227,-0.803210837300867,"2"
"794",-0.858097076881677,-1.21998013556004,"2"
"795",-1.025515306741,-0.76945030130446,"2"
"796",-0.852305789478123,-1.61641267407686,"2"
"797",-1.44830126268789,-0.774016887880862,"2"
"798",-0.708415928296745,-0.153841614257544,"2"
"799",-0.951810392318293,-0.272512599825859,"2"
"800",-1.34713711636141,-0.134896033909172,"2"
"801",-1.38145039370283,-0.167307288385928,"2"
"802",-1.23505393438973,-1.2529008849524,"2"
"803",-0.704595727147534,-1.5228478834033,"2"
"804",-1.40998400142416,-0.813357964623719,"2"
"805",-1.47293913830072,-0.671687356662005,"2"
"806",-1.39889432489872,-1.4295061933808,"2"
"807",-0.544292744249105,-0.450374801643193,"2"
"808",-0.704373547807336,-0.696871107444167,"2"
"809",-0.763106303522363,-0.320542831439525,"2"
"810",-1.32631711172871,-0.740616860799491,"2"
"811",-0.691139992792159,-1.86314745945856,"2"
"812",-0.733200538437814,-0.0261684670113027,"2"
"813",-1.24042984424159,-0.0920099443756044,"2"
"814",-1.07185677322559,-1.20124644692987,"2"
"815",-0.703799861017615,-1.30026619695127,"2"
"816",-0.740478732390329,-0.93168240878731,"2"
"817",-1.34851844003424,-1.15817395783961,"2"
"818",-0.56373804830946,-1.03276135865599,"2"
"819",-1.37838059826754,-1.85350325796753,"2"
"820",-1.2097674200777,-0.165005084127188,"2"
"821",-0.968056889483705,-1.34215833479539,"2"
"822",-1.0739412617404,-0.335907746572047,"2"
"823",-1.17293641669676,-1.24832641892135,"2"
"824",-1.13390078558587,-0.977417234797031,"2"
"825",-0.849715917138383,-0.448745199479163,"2"
"826",-1.44854139070958,-1.88299231277779,"2"
"827",-1.39554035314359,-1.31579750822857,"2"
"828",-0.583137470530346,-0.565706363413483,"2"
"829",-1.09544216119684,-1.94385841302574,"2"
"830",-0.849094147793949,-1.85634329728782,"2"
"831",-1.25265684607439,-0.458438584581017,"2"
"832",-0.994515697937459,-0.188338581472635,"2"
"833",-0.513329897075891,-0.114912286400795,"2"
"834",-0.59797117090784,-0.186089218128473,"2"
"835",-1.14604289294221,-0.190724665299058,"2"
"836",-1.3095742999576,-0.180138829164207,"2"
"837",-0.631431672489271,-1.43446573708206,"2"
"838",-0.970862864283845,-1.06747197452933,"2"
"839",-0.993837614543736,-0.88037292426452,"2"
"840",-1.44064215058461,-1.36996114533395,"2"
"841",-0.75443932088092,-0.311339244246483,"2"
"842",-0.700007354374975,-1.45256241736934,"2"
"843",-1.15885220165364,-1.96755455853418,"2"
"844",-1.3147597562056,-1.80209722928703,"2"
"845",-0.694857369177043,-0.621088134124875,"2"
"846",-1.24002529331483,-0.0601503662765026,"2"
"847",-1.33425751561299,-1.55411998322234,"2"
"848",-0.836621860507876,-0.0885214642621577,"2"
"849",-0.759671228937805,-0.313317367341369,"2"
"850",-0.895166222704574,-0.870613295584917,"2"
"851",-0.989494482288137,-0.657237315084785,"2"
"852",-0.984742565313354,-1.87071734014899,"2"
"853",-1.23343753279187,-0.164220315404236,"2"
"854",-0.793102730764076,-1.25199146429077,"2"
"855",-1.22342094453052,-0.127990106120706,"2"
"856",-1.19515139306895,-0.37690224358812,"2"
"857",-1.1619864422828,-1.71050294768065,"2"
"858",-1.08467504009604,-0.439739024732262,"2"
"859",-1.32604161114432,-1.97734043141827,"2"
"860",-1.20691024209373,-1.40825636358932,"2"
"861",-0.558305682847276,-0.24615842057392,"2"
"862",-1.34295313153416,-1.05248857056722,"2"
"863",-0.741602046880871,-1.37169590173289,"2"
"864",-1.32352524367161,-0.267249297350645,"2"
"865",-0.777935413410887,-0.541294750757515,"2"
"866",-0.859055509092286,-1.28561300737783,"2"
"867",-1.35409774677828,-1.8638174450025,"2"
"868",-0.788739542011172,-0.413727249950171,"2"
"869",-0.758185957092792,-1.96138101816177,"2"
"870",-0.910536363953725,-0.748128241859376,"2"
"871",-1.09539678017609,-1.22128247981891,"2"
"872",-0.707054101163521,-1.01605952251703,"2"
"873",-0.679030019324273,-1.75833660503849,"2"
"874",-0.953911194344983,-1.82269854238257,"2"
"875",-0.862001117551699,-0.0799808762967587,"2"
"876",-0.934189470484853,-0.906926059629768,"2"
"877",-1.0094640373718,-1.53863984253258,"2"
"878",-0.601511651417241,-1.2094454606995,"2"
"879",-0.529510513413697,-0.424007020425051,"2"
"880",-0.997987969079986,-0.200158101506531,"2"
"881",-0.559432940324768,-1.4237483907491,"2"
"882",-0.952829099725932,-0.400315442122519,"2"
"883",-0.958434352884069,-1.07502624811605,"2"
"884",-1.07813961710781,-1.30848835594952,"2"
"885",-0.606383912498131,-0.664582810364664,"2"
"886",-0.925056437728927,-1.35395507188514,"2"
"887",-0.550801706500351,-0.459163676481694,"2"
"888",-0.903457467677072,-0.217654150910676,"2"
"889",-1.00792134250514,-0.0464416705071926,"2"
"890",-1.16975967097096,-1.35534761799499,"2"
"891",-0.598600677214563,-1.43543980270624,"2"
"892",-1.34235638333485,-1.96807133872062,"2"
"893",-1.05238340538926,-0.937597837299109,"2"
"894",-0.509395693428814,-1.43573810672387,"2"
"895",-0.84389964514412,-0.206516164820641,"2"
"896",-1.12094460031949,-1.88645883463323,"2"
"897",-1.08040567417629,-0.83115100953728,"2"
"898",-1.49833815451711,-0.559393384959549,"2"
"899",-0.558666262542829,-1.375371188391,"2"
"900",-0.906094997189939,-1.68521570786834,"2"
"901",-0.768909411737695,-0.290654341224581,"2"
"902",-1.15608058893122,-1.38291708286852,"2"
"903",-1.13000151515007,-1.36604710342363,"2"
"904",-1.19584495387971,-0.0625490285456181,"2"
"905",-0.592278223484755,-1.57790634827688,"2"
"906",-1.48065884714015,-1.8254202879034,"2"
"907",-0.823794562602416,-1.83606807142496,"2"
"908",-0.711409820243716,-0.378691318444908,"2"
"909",-1.26259530638345,-0.164210965391248,"2"
"910",-1.40472402609885,-1.27422792837024,"2"
"911",-0.719430925324559,-0.919248067773879,"2"
"912",-1.00557430740446,-0.583835204131901,"2"
"913",-1.46041286806576,-0.827160933520645,"2"
"914",-0.559003274189308,-0.902094929944724,"2"
"915",-1.35376337356865,-1.9893921688199,"2"
"916",-0.657839917577803,-1.78405578574166,"2"
"917",-0.637566582998261,-0.970240169670433,"2"
"918",-0.893743702908978,-0.936514785047621,"2"
"919",-0.786320676561445,-0.034161179792136,"2"
"920",-1.25015098368749,-0.800335032399744,"2"
"921",-1.22902674693614,-1.52024248894304,"2"
"922",-0.959372203564271,-0.768344652373344,"2"
"923",-1.29504474182613,-1.08416644576937,"2"
"924",-0.627256641164422,-1.74218669254333,"2"
"925",-1.01841404498555,-1.11309334263206,"2"
"926",-0.740470416145399,-0.902347913943231,"2"
"927",-1.40458240290172,-1.31851734686643,"2"
"928",-0.767798572545871,-0.205809189938009,"2"
"929",-0.975638498552144,-0.114454723894596,"2"
"930",-1.06072141090408,-1.95946907624602,"2"
"931",-1.24461829289794,-0.319301682990044,"2"
"932",-1.43281282274984,-0.503158126957715,"2"
"933",-0.82519648829475,-1.38386557996273,"2"
"934",-0.60383991478011,-0.185559936333448,"2"
"935",-1.16140239872038,-1.38192934123799,"2"
"936",-0.750901725841686,-1.2789814947173,"2"
"937",-1.19615140091628,-1.2333977506496,"2"
"938",-0.753305069869384,-0.185991724487394,"2"
"939",-1.32780700153671,-0.543775263242424,"2"
"940",-0.836298272712156,-0.355999649502337,"2"
"941",-1.4341321347747,-1.1952040437609,"2"
"942",-1.3871426738333,-1.24522016383708,"2"
"943",-1.33820429444313,-1.20582754025236,"2"
"944",-1.43390758824535,-1.33331483928487,"2"
"945",-0.826969843357801,-0.963063466828316,"2"
"946",-1.34997732681222,-1.50739799626172,"2"
"947",-0.849995589116588,-1.46322558773682,"2"
"948",-0.903072458459064,-1.40164274163544,"2"
"949",-1.02651138044894,-0.494265902321786,"2"
"950",-1.09180945064873,-1.10556310974061,"2"
"951",-0.555108577478677,-1.62455360218883,"2"
"952",-1.42983046593145,-0.345261487644166,"2"
"953",-0.749365547439083,-0.863183811306953,"2"
"954",-0.896648743422702,-1.39036636613309,"2"
"955",-0.662766496185213,-0.217505884356797,"2"
"956",-0.814646605402231,-0.353860101196915,"2"
"957",-0.529080936685205,-0.838961201254278,"2"
"958",-1.19903879007325,-0.623616044409573,"2"
"959",-1.46854143519886,-0.0298888911493123,"2"
"960",-1.43550637341104,-0.437237871810794,"2"
"961",-1.39038198883645,-1.7374646156095,"2"
"962",-0.553734334884211,-0.722724091727287,"2"
"963",-0.502471945947036,-1.16581597039476,"2"
"964",-1.03952091606334,-0.399974044412374,"2"
"965",-1.15163587685674,-0.601519936695695,"2"
"966",-0.855769553454593,-0.344043131917715,"2"
"967",-0.684574802173302,-1.40450455248356,"2"
"968",-0.594406571937725,-1.27684638649225,"2"
"969",-0.711923751514405,-0.788473841268569,"2"
"970",-0.810612602857873,-1.31309895776212,"2"
"971",-0.878442969173193,-0.281559804920107,"2"
"972",-1.31098948651925,-1.35108308494091,"2"
"973",-0.716273777885363,-1.12489472189918,"2"
"974",-0.990354656940326,-1.81933207157999,"2"
"975",-1.4042425963562,-1.33233943628147,"2"
"976",-0.543681405019015,-1.03450021706522,"2"
"977",-1.40544167300686,-0.798948070034385,"2"
"978",-0.635030094766989,-1.26741655357182,"2"
"979",-0.826210608007386,-1.29926997981966,"2"
"980",-0.670028711669147,-1.02454341156408,"2"
"981",-1.493725649314,-0.474956448655576,"2"
"982",-1.37002368760295,-0.371224360540509,"2"
"983",-0.939661183394492,-1.32750498503447,"2"
"984",-1.0529485878069,-1.43267019139603,"2"
"985",-1.31826153118163,-0.631339355837554,"2"
"986",-1.11844297964126,-1.13140962226316,"2"
"987",-1.37949735438451,-1.20105002867058,"2"
"988",-1.16548609919846,-0.767006739974022,"2"
"989",-0.596543579827994,-1.12663334142417,"2"
"990",-0.580571578815579,-0.376463455613703,"2"
"991",-0.638570837676525,-1.65937356976792,"2"
"992",-0.74381786538288,-1.82715293206275,"2"
"993",-1.33393806521781,-1.04724836023524,"2"
"994",-1.18978797411546,-1.2166309193708,"2"
"995",-1.12794720986858,-1.51112369913608,"2"
"996",-1.00760297430679,-0.0469230809248984,"2"
"997",-0.536622129846364,-1.95854737563059,"2"
"998",-0.671115352539346,-0.492273224517703,"2"
"999",-1.23179120314308,-0.247898075263947,"2"
"1000",-1.41147187398747,-1.83947864361107,"2"
"1001",1.64996941295865,1.02896092063747,"3"
"1002",1.22509778589804,1.6613685360644,"3"
"1003",1.26158364994852,1.28331736521795,"3"
"1004",1.0260926866326,1.84563973895274,"3"
"1005",1.38290038735824,1.20276448363438,"3"
"1006",1.2607009919714,1.69579787505791,"3"
"1007",1.41628426781427,1.56858282326721,"3"
"1008",1.24088650593257,1.49905096320435,"3"
"1009",0.602995727747441,1.52614045073278,"3"
"1010",1.13539014120547,1.44924259930849,"3"
"1011",1.18127887816887,1.31799802626483,"3"
"1012",0.88627059988467,1.51812955271453,"3"
"1013",1.73881664163288,1.0919496784918,"3"
"1014",0.909768742720621,1.89715069462545,"3"
"1015",1.39208603079747,1.49084312957712,"3"
"1016",0.186732334982641,1.12136593693867,"3"
"1017",0.811845576436649,1.74093055306002,"3"
"1018",0.830511256174754,1.68678268929943,"3"
"1019",0.932884817467929,1.24883918766864,"3"
"1020",1.75508075340927,1.14613504009321,"3"
"1021",0.907687876199823,1.14996239030734,"3"
"1022",1.19818749793064,1.15947182988748,"3"
"1023",1.70236825303971,1.15903009590693,"3"
"1024",0.38026824682518,1.24208078649826,"3"
"1025",0.0411840559924556,1.01950581464916,"3"
"1026",1.46581702859233,1.4072457884904,"3"
"1027",0.368989659115583,1.02419839100912,"3"
"1028",0.720841299313496,1.67293489840813,"3"
"1029",0.740697985793364,1.50385261909105,"3"
"1030",0.638292288045294,1.14169413247146,"3"
"1031",0.92006280409231,1.65042386623099,"3"
"1032",0.999447146600562,1.72792318626307,"3"
"1033",0.65754033961615,1.55025963764638,"3"
"1034",1.53116178423888,1.3532737751957,"3"
"1035",1.20106837008468,1.53331671026535,"3"
"1036",1.07733373821805,1.89683745545335,"3"
"1037",1.25473946857423,1.65899362089112,"3"
"1038",0.838645796407396,1.707976172911,"3"
"1039",1.00378766773968,1.36470752209425,"3"
"1040",1.34861849213668,1.4290276132524,"3"
"1041",1.13349413343256,1.83260191348381,"3"
"1042",0.477559032871091,1.15240963432007,"3"
"1043",1.22272035521043,1.17598607158288,"3"
"1044",0.973272040815567,1.92689216556028,"3"
"1045",1.20455392625088,1.7039059472736,"3"
"1046",0.721620176186044,1.29203698877245,"3"
"1047",0.760870903942858,1.67574107926339,"3"
"1048",1.04713806852065,1.93720093159936,"3"
"1049",0.842926286161856,1.83880432508886,"3"
"1050",0.72515313847452,1.62682827189565,"3"
"1051",1.07287594584692,1.91067646583542,"3"
"1052",0.537740306758566,1.02574292058125,"3"
"1053",1.0552697418977,1.92933177854866,"3"
"1054",1.43170638879797,1.40312259574421,"3"
"1055",0.441237042854847,1.00384423392825,"3"
"1056",1.14599532847899,1.03076119045727,"3"
"1057",1.25291912842542,1.58432793803513,"3"
"1058",1.20286136213911,1.76389928441495,"3"
"1059",1.23193705986649,1.44190308195539,"3"
"1060",1.11466622374332,1.84359360090457,"3"
"1061",1.1489032168792,1.20996154472232,"3"
"1062",0.89321366723177,1.85880831256509,"3"
"1063",0.290187919658155,1.08872605557553,"3"
"1064",1.29335177734934,1.51682565337978,"3"
"1065",1.14503615640167,1.62934767873958,"3"
"1066",1.63561277366155,1.02619339013472,"3"
"1067",1.01297384852098,1.69251527544111,"3"
"1068",1.13116291399304,1.85515931760892,"3"
"1069",0.917993001856572,1.86216756654903,"3"
"1070",0.139699824929013,1.09493303485215,"3"
"1071",1.1845018234133,1.56053824070841,"3"
"1072",1.43303584716464,1.38129304000176,"3"
"1073",1.05861090648164,1.8518893586006,"3"
"1074",0.342611717099535,1.18118708417751,"3"
"1075",1.0212901235613,1.96197850815952,"3"
"1076",1.49285715651527,1.13701337552629,"3"
"1077",1.18159665184048,1.48745632125065,"3"
"1078",0.862095910451267,1.47012362699024,"3"
"1079",1.44800075961139,1.24231177731417,"3"
"1080",1.12767564229241,1.69621927221306,"3"
"1081",0.988052595154351,1.95355626032688,"3"
"1082",0.526113009155327,1.14390348177403,"3"
"1083",0.82072809617887,1.65749916434288,"3"
"1084",1.0930453968538,1.17266326700337,"3"
"1085",1.24131407705789,1.63780758948997,"3"
"1086",1.00406369986485,1.99283881601878,"3"
"1087",1.08202838837533,1.78227797034197,"3"
"1088",0.819128473689272,1.25951321911998,"3"
"1089",1.08258492594302,1.48996483627707,"3"
"1090",0.399825098961623,1.27897046413273,"3"
"1091",1.01397580376153,1.98515969770961,"3"
"1092",0.838657047353149,1.14309609122574,"3"
"1093",1.37533250935833,1.2845009425655,"3"
"1094",1.01899432821144,1.97752567566931,"3"
"1095",0.868191192020255,1.46720724203624,"3"
"1096",0.976923857361375,1.39045511418954,"3"
"1097",0.689374483846301,1.50669839349575,"3"
"1098",1.00019657007004,1.97404562192969,"3"
"1099",0.987870892466874,1.95689142798074,"3"
"1100",0.703634449783037,1.58491819864139,"3"
"1101",0.908984660728837,1.61135242902674,"3"
"1102",1.01266047208002,1.58298138296232,"3"
"1103",0.443250425676812,1.40097794588655,"3"
"1104",1.00088162466326,1.93644319451414,"3"
"1105",0.607190342130299,1.05230047274381,"3"
"1106",1.21187153610215,1.37289848644286,"3"
"1107",1.01151594293374,1.27825325913727,"3"
"1108",0.994869423739415,1.52325722994283,"3"
"1109",0.854939368430876,1.17966713267379,"3"
"1110",0.917835155378393,1.87697190511972,"3"
"1111",1.01558879128577,1.89108205866069,"3"
"1112",1.25853970657195,1.27919909497723,"3"
"1113",0.661206878005611,1.43495485256426,"3"
"1114",0.904709430216148,1.56804635422304,"3"
"1115",0.913396537481229,1.75280543183908,"3"
"1116",0.595415425128651,1.48701270786114,"3"
"1117",0.846332711523587,1.3416675394401,"3"
"1118",0.589653792935107,1.31919581117108,"3"
"1119",0.970675916434095,1.81170452223159,"3"
"1120",0.961908071116095,1.63792580761947,"3"
"1121",0.994193218652597,1.43903775559738,"3"
"1122",0.889552924896836,1.83564254362136,"3"
"1123",1.30108436716072,1.66577377612703,"3"
"1124",0.982654107781024,1.47765552601777,"3"
"1125",1.11142750255149,1.86459418106824,"3"
"1126",1.01298480379948,1.27728415559977,"3"
"1127",0.881790751101511,1.87760798935778,"3"
"1128",0.628230823537146,1.20003684377298,"3"
"1129",1.12115109754945,1.33827996440232,"3"
"1130",0.9419935415011,1.63591999583878,"3"
"1131",0.861311019049496,1.27795351925306,"3"
"1132",0.970044187975936,1.90452741831541,"3"
"1133",1.14807538982633,1.62875832500868,"3"
"1134",1.14771649725791,1.84010834665969,"3"
"1135",0.327761623947462,1.31845364160836,"3"
"1136",0.521441499638409,1.21517822472379,"3"
"1137",1.1082824692408,1.85172290494666,"3"
"1138",1.7043521376383,1.26315389364026,"3"
"1139",0.524251034374,1.20815851073712,"3"
"1140",1.0223309341323,1.82899579452351,"3"
"1141",1.47181029221364,1.0488473274745,"3"
"1142",1.34992446452415,1.64837951771915,"3"
"1143",1.04638010483475,1.61105425888672,"3"
"1144",0.991307290860912,1.98549514170736,"3"
"1145",0.720184359811218,1.35020187520422,"3"
"1146",1.0944415945093,1.33353995275684,"3"
"1147",1.04044889250012,1.75315199885517,"3"
"1148",0.300922284757704,1.26588270114735,"3"
"1149",0.726267172369426,1.06094214436598,"3"
"1150",1.71894462786936,1.20920800231397,"3"
"1151",1.22463502643885,1.70934004802257,"3"
"1152",0.370392429899516,1.24640043475665,"3"
"1153",1.3777117583909,1.26536295632832,"3"
"1154",1.08933076109598,1.60829734406434,"3"
"1155",1.14482482596336,1.07529139798135,"3"
"1156",0.837544593432467,1.60751486150548,"3"
"1157",0.489818999116638,1.43659446644597,"3"
"1158",1.32905098577281,1.52078570704907,"3"
"1159",1.15297346548282,1.82221990567632,"3"
"1160",1.05105605582304,1.18009123811498,"3"
"1161",0.495019848637413,1.1587458292488,"3"
"1162",1.06498742859677,1.42381657054648,"3"
"1163",0.83586663946733,1.76544012478553,"3"
"1164",1.29966192368212,1.05643310095184,"3"
"1165",1.02246102771114,1.32076156465337,"3"
"1166",1.84976324358384,1.0901368453633,"3"
"1167",1.17698702047393,1.61860436643474,"3"
"1168",0.883013174798116,1.86096105724573,"3"
"1169",0.704351874570013,1.00254715164192,"3"
"1170",0.816458462010953,1.44978306209669,"3"
"1171",1.88392326184639,1.08594066184014,"3"
"1172",0.580016889885835,1.11888484377414,"3"
"1173",1.34227835042895,1.19941007695161,"3"
"1174",1.8087148331139,1.16949257347733,"3"
"1175",1.2134846534037,1.4139304975979,"3"
"1176",0.400183801905429,1.36087665753439,"3"
"1177",0.876480117770739,1.69370341510512,"3"
"1178",1.19996119161636,1.17608831170946,"3"
"1179",1.071295473427,1.52007829514332,"3"
"1180",0.946344547050176,1.55733144353144,"3"
"1181",0.634547682850393,1.55624605552293,"3"
"1182",0.977480996159085,1.22338232956827,"3"
"1183",1.78326817310892,1.07340202340856,"3"
"1184",0.944611645763381,1.48301462223753,"3"
"1185",0.893707366793753,1.82246901863255,"3"
"1186",1.09848118410451,1.46196714602411,"3"
"1187",0.816611587358719,1.00745831849054,"3"
"1188",1.01457022058243,1.97430802346207,"3"
"1189",1.57350253467221,1.2309482533019,"3"
"1190",0.993606681294651,1.94781955541112,"3"
"1191",1.89493186325627,1.0253034918569,"3"
"1192",0.750523221103927,1.73850409989245,"3"
"1193",1.48519378504693,1.38709115306847,"3"
"1194",0.738364998728751,1.59580754162744,"3"
"1195",0.642121881457612,1.26535788923502,"3"
"1196",1.64527855540158,1.13684647204354,"3"
"1197",0.346338265281525,1.0594389338512,"3"
"1198",1.08358607394511,1.90630183159374,"3"
"1199",0.819280722652368,1.80961581435986,"3"
"1200",1.18544069566494,1.54043518053368,"3"
"1201",0.871509591980164,1.3492072338704,"3"
"1202",1.51171169193626,1.39512113365345,"3"
"1203",1.39910537622235,1.43275325419381,"3"
"1204",0.714793007424039,1.53188865678385,"3"
"1205",0.482691733954602,1.27877420699224,"3"
"1206",1.00450400616291,1.99089055182412,"3"
"1207",0.465312834017052,1.45296924305148,"3"
"1208",0.56890921713902,1.39428011933342,"3"
"1209",0.924854056301999,1.86110115563497,"3"
"1210",0.930011388392554,1.7106951624155,"3"
"1211",0.647024137189966,1.22590386867523,"3"
"1212",1.15615645862921,1.61405961331911,"3"
"1213",1.04719352105344,1.86610834579915,"3"
"1214",0.999445032239865,1.96411691699177,"3"
"1215",1.22045756077632,1.47108023497276,"3"
"1216",0.962563974257467,1.74689244455658,"3"
"1217",0.946208084624693,1.85202453820966,"3"
"1218",1.24729120447746,1.14673445466906,"3"
"1219",0.76642944403305,1.56064492254518,"3"
"1220",0.906625075480571,1.20897668856196,"3"
"1221",1.04879152660425,1.8425851825159,"3"
"1222",0.919028609360977,1.59934900421649,"3"
"1223",0.786493185082402,1.52716957381926,"3"
"1224",1.39197229295344,1.00944821350276,"3"
"1225",1.4432556627837,1.36342776240781,"3"
"1226",0.176817387839497,1.02172912587412,"3"
"1227",0.942853845036899,1.08460189285688,"3"
"1228",0.994251581247062,1.17939411546104,"3"
"1229",0.896602533977976,1.7136306995526,"3"
"1230",0.812566412300791,1.79187957802787,"3"
"1231",1.04003675446299,1.75293277017772,"3"
"1232",0.993199273666618,1.92532839416526,"3"
"1233",0.998282610318581,1.99404356116429,"3"
"1234",0.978929424457841,1.84978458471596,"3"
"1235",0.342264808220492,1.31294435192831,"3"
"1236",1.16721877221947,1.15883661992848,"3"
"1237",0.691232767287968,1.6058825601358,"3"
"1238",1.41685141605095,1.56203348608688,"3"
"1239",1.02980962146068,1.95471769804135,"3"
"1240",1.01753993869859,1.93170172255486,"3"
"1241",1.575394796995,1.20083061652258,"3"
"1242",1.07788908832636,1.58895160164684,"3"
"1243",0.57716230895031,1.09241226222366,"3"
"1244",1.01293070700468,1.82627683854662,"3"
"1245",1.00972765391582,1.97140967054293,"3"
"1246",1.12968800327531,1.69150233338587,"3"
"1247",1.14720770945475,1.30049583106302,"3"
"1248",0.596821943688416,1.18914053938352,"3"
"1249",1.12721598357737,1.26932042092085,"3"
"1250",0.794481277920053,1.76094199740328,"3"
"1251",1.31475535402857,1.30693804705516,"3"
"1252",1.10067955276889,1.58936932706274,"3"
"1253",1.00331082937775,1.74949972890317,"3"
"1254",1.15728610610936,1.64717631787062,"3"
"1255",1.04193373949648,1.30277615017258,"3"
"1256",0.887176620889564,1.55638058483601,"3"
"1257",0.710133163293205,1.30028960993513,"3"
"1258",1.09884109244267,1.8904110728763,"3"
"1259",1.78386737047349,1.168068991974,"3"
"1260",0.856056963852025,1.60430602473207,"3"
"1261",1.03192607565708,1.56874250154942,"3"
"1262",1.15842568209052,1.19052094849758,"3"
"1263",0.968999864181791,1.91665693372488,"3"
"1264",0.842684355815488,1.53260975051671,"3"
"1265",0.529661915893975,1.45163602544926,"3"
"1266",1.86403387948178,1.03150799358264,"3"
"1267",0.934600702997205,1.8833220701199,"3"
"1268",0.976916689150068,1.86744234873913,"3"
"1269",0.770362017179613,1.47881790297106,"3"
"1270",0.942367773739907,1.27005865285173,"3"
"1271",0.510051240894235,1.13148899050429,"3"
"1272",0.730810101192201,1.42595436796546,"3"
"1273",0.829446309272358,1.4464214425534,"3"
"1274",1.42887781487817,1.07085443194956,"3"
"1275",0.931570487465583,1.78731898358092,"3"
"1276",0.951096176033888,1.93815080123022,"3"
"1277",1.20274523531183,1.59819787717424,"3"
"1278",1.2068772147641,1.23003519279882,"3"
"1279",0.477602200798755,1.18963418295607,"3"
"1280",1.27483334613773,1.0322741321288,"3"
"1281",0.745183576635424,1.23892186884768,"3"
"1282",1.55441329571349,1.06101921480149,"3"
"1283",0.97620662634461,1.76793326763436,"3"
"1284",1.17458217642859,1.62850720644929,"3"
"1285",1.58533808595108,1.35874533699825,"3"
"1286",0.481670092625114,1.43881846033037,"3"
"1287",1.14203694423147,1.83125548087992,"3"
"1288",0.897508528199497,1.09552870946936,"3"
"1289",0.654282637369645,1.22742612683214,"3"
"1290",0.390083384069895,1.28127229609527,"3"
"1291",1.00139507874614,1.96807718486525,"3"
"1292",0.69611758146965,1.4259736535605,"3"
"1293",0.931530684332031,1.90706101804972,"3"
"1294",0.896148783002454,1.73439273936674,"3"
"1295",0.740930280857381,1.71064856695011,"3"
"1296",0.660509037857279,1.6552858625073,"3"
"1297",0.38142813959555,1.22986219101585,"3"
"1298",0.798147331739313,1.4420479608234,"3"
"1299",0.96234559673815,1.94453279557638,"3"
"1300",0.869911604185532,1.18364839116111,"3"
"1301",0.442992320867536,1.02120782132261,"3"
"1302",1.09064423483941,1.80556650320068,"3"
"1303",0.707371903277503,1.44510684791021,"3"
"1304",1.32024630964446,1.08076589135453,"3"
"1305",0.383202121194044,1.1472959658131,"3"
"1306",0.166508536674921,1.14886971912347,"3"
"1307",0.906230079402878,1.86787194246426,"3"
"1308",0.476131736453953,1.23057133052498,"3"
"1309",0.922965668816452,1.79942018399015,"3"
"1310",1.43549114638583,1.36813578661531,"3"
"1311",0.78465726030709,1.50008544884622,"3"
"1312",0.991797969823778,1.96151649137028,"3"
"1313",1.02918374814044,1.81279085041024,"3"
"1314",1.02118529149818,1.91925675212406,"3"
"1315",0.800728599016223,1.1545800010208,"3"
"1316",1.29239604586875,1.70694664306939,"3"
"1317",1.05714019587495,1.36083434708416,"3"
"1318",1.23031536088454,1.54466750263236,"3"
"1319",1.68590630664987,1.24599193339236,"3"
"1320",1.30086663649164,1.06128816213459,"3"
"1321",0.834164495585489,1.31173560651951,"3"
"1322",1.0279418993591,1.96412351983599,"3"
"1323",0.966414978196799,1.23641630774364,"3"
"1324",1.08177977025262,1.44884314714,"3"
"1325",0.832714347682938,1.52625878877006,"3"
"1326",0.540878755232089,1.0969661262352,"3"
"1327",0.56275567429557,1.32511235005222,"3"
"1328",1.22548530287554,1.70108315604739,"3"
"1329",1.5127801957136,1.26090298453346,"3"
"1330",1.10766895731683,1.5657527053263,"3"
"1331",0.91290633712427,1.00003537302837,"3"
"1332",1.00973353376933,1.85643874085508,"3"
"1333",1.00797339731296,1.98669674200937,"3"
"1334",0.305591151747754,1.05177112715319,"3"
"1335",1.46367264779009,1.16011450649239,"3"
"1336",0.894787202832877,1.80470631434582,"3"
"1337",1.80000440938751,1.12050827755593,"3"
"1338",1.07979058105752,1.5772454070393,"3"
"1339",0.779965345600246,1.73640578705817,"3"
"1340",0.638099675979974,1.12098858668469,"3"
"1341",1.36075421688583,1.51337547646835,"3"
"1342",0.984053143661195,1.91874408931471,"3"
"1343",0.730114937690547,1.03724056947976,"3"
"1344",0.920743338291888,1.69651906844229,"3"
"1345",0.765587705827189,1.42629496613517,"3"
"1346",0.875016319649806,1.86221268144436,"3"
"1347",1.03037810278978,1.95210814825259,"3"
"1348",0.247108243928862,1.10401489818469,"3"
"1349",0.594514780123266,1.54728469485417,"3"
"1350",1.0645093194561,1.86242693266831,"3"
"1351",1.00498646122715,1.77883212268353,"3"
"1352",1.01835785665956,1.97931448463351,"3"
"1353",0.694967427770214,1.61783007020131,"3"
"1354",0.863795505292697,1.80506525072269,"3"
"1355",1.32368841478669,1.25085384468548,"3"
"1356",0.273459120594723,1.00457639433444,"3"
"1357",1.19308576557093,1.41268428275362,"3"
"1358",1.28612429562855,1.36649030260742,"3"
"1359",0.864986867688577,1.7937466353178,"3"
"1360",1.37345543789934,1.02429314516485,"3"
"1361",0.452840615157258,1.08089005714282,"3"
"1362",0.571116797878448,1.48347505414858,"3"
"1363",0.837680650920668,1.57970483950339,"3"
"1364",1.54406837526424,1.22580561530776,"3"
"1365",0.325871628924254,1.18386636557989,"3"
"1366",1.06072104490117,1.62988739553839,"3"
"1367",1.03759416479658,1.82252843584865,"3"
"1368",1.02138663812795,1.49750871560536,"3"
"1369",0.82061958627529,1.1727025450673,"3"
"1370",1.09380861252639,1.18600078159943,"3"
"1371",1.16240237433835,1.39974740101025,"3"
"1372",0.959362202646907,1.71051256172359,"3"
"1373",0.512681061135248,1.34320512949489,"3"
"1374",0.578516481310531,1.00151015538722,"3"
"1375",1.12225536974942,1.36800815700553,"3"
"1376",1.31252209052824,1.58801263105124,"3"
"1377",1.01820291225246,1.53472987399437,"3"
"1378",0.861576496304346,1.72851688694209,"3"
"1379",1.17510732770579,1.59458969091065,"3"
"1380",1.18213479601556,1.26867994642816,"3"
"1381",0.920485005193317,1.83988461410627,"3"
"1382",0.992138726854037,1.99170216592029,"3"
"1383",0.736975229951591,1.69696541689336,"3"
"1384",0.974305105343348,1.61944116512313,"3"
"1385",1.10544002765885,1.87688213936053,"3"
"1386",0.507672562590875,1.2901620247867,"3"
"1387",0.989950991663558,1.95587802818045,"3"
"1388",1.51315611405229,1.26164443581365,"3"
"1389",0.959849703254141,1.93222239241004,"3"
"1390",0.402346172445867,1.33470827736892,"3"
"1391",0.984490669276865,1.95848158374429,"3"
"1392",1.4320287651545,1.49079833505675,"3"
"1393",0.986340930685285,1.85429621813819,"3"
"1394",1.06262943740017,1.92210317705758,"3"
"1395",1.04623593016629,1.94137849123217,"3"
"1396",0.913984083597749,1.24569606292062,"3"
"1397",0.88082018455998,1.68726184917614,"3"
"1398",0.999617924195153,1.60920086456463,"3"
"1399",0.990287717098199,1.97899159183726,"3"
"1400",1.55662546729132,1.05934291658923,"3"
"1401",0.908645383901523,1.90644517540932,"3"
"1402",1.19206947434523,1.76233164174482,"3"
"1403",0.783571811035262,1.74271694896743,"3"
"1404",1.03206084109349,1.92912468826398,"3"
"1405",0.499388199102649,1.27528109890409,"3"
"1406",0.688541209005703,1.15454549272545,"3"
"1407",0.873023821842887,1.67705654143356,"3"
"1408",1.45684577004135,1.02632420021109,"3"
"1409",0.959333539090202,1.51699478155933,"3"
"1410",1.06503770983163,1.26492753298953,"3"
"1411",0.45161033282414,1.42619987158105,"3"
"1412",1.11150294538183,1.4933116256725,"3"
"1413",1.02423066275026,1.96674568532035,"3"
"1414",1.04982782744993,1.85555884125642,"3"
"1415",1.07348873648602,1.6374048255384,"3"
"1416",1.42001743432339,1.37814746703953,"3"
"1417",0.980465684583554,1.90539405518211,"3"
"1418",1.6792288414382,1.25627132388763,"3"
"1419",1.88291171809176,1.10509651177563,"3"
"1420",0.29941071939435,1.07923555118032,"3"
"1421",0.72406764037257,1.62260637921281,"3"
"1422",1.22943433468986,1.46871288307011,"3"
"1423",1.13681484886824,1.27472570701502,"3"
"1424",1.15929457325568,1.81230750330724,"3"
"1425",1.10694262143827,1.88522933586501,"3"
"1426",0.832099592766295,1.40313319652341,"3"
"1427",1.51453171308115,1.30464266333729,"3"
"1428",1.14366273087712,1.81054195575416,"3"
"1429",0.982492455201098,1.38315596873872,"3"
"1430",1.09395164654682,1.87981569138356,"3"
"1431",0.897694282374156,1.89715512376279,"3"
"1432",0.216439679740231,1.20210528559983,"3"
"1433",1.17089141501998,1.43280508555472,"3"
"1434",1.17615722465838,1.0297787010204,"3"
"1435",1.12783347791127,1.64534508879296,"3"
"1436",1.28712339336784,1.46080631995574,"3"
"1437",1.05671510423599,1.82759292959236,"3"
"1438",0.820374879904722,1.45288379653357,"3"
"1439",1.18111605115105,1.76988546247594,"3"
"1440",0.84205335793143,1.45710290153511,"3"
"1441",0.334146797287971,1.01578035857528,"3"
"1442",0.935546528419461,1.58819063357078,"3"
"1443",0.840877594160679,1.74433654546738,"3"
"1444",0.650786311106329,1.05889884871431,"3"
"1445",0.99674438917736,1.75295615312643,"3"
"1446",0.992261382287537,1.43046830454841,"3"
"1447",1.23332477278196,1.70691524050198,"3"
"1448",1.52055608117469,1.42748301080428,"3"
"1449",1.04677035780524,1.51398150366731,"3"
"1450",1.1678681408986,1.67532163159922,"3"
"1451",1.41256095542251,1.43950125016272,"3"
"1452",0.602565025063908,1.40277236350812,"3"
"1453",0.766743727494222,1.74595121457241,"3"
"1454",1.29577567222653,1.43523249565624,"3"
"1455",0.831044208613583,1.62136515066959,"3"
"1456",1.32747610240882,1.36224267724901,"3"
"1457",0.933846694010809,1.04122376721352,"3"
"1458",0.917959184247566,1.30050315358676,"3"
"1459",1.15321336203726,1.00775562366471,"3"
"1460",1.00538770558207,1.9636061177589,"3"
"1461",1.45395382646025,1.03977361693978,"3"
"1462",0.610956215739093,1.54852896928787,"3"
"1463",0.22382817322406,1.09805167000741,"3"
"1464",0.784415099351839,1.27011692640372,"3"
"1465",0.966161769996346,1.82712815678678,"3"
"1466",1.01528890489298,1.35477338219061,"3"
"1467",1.00594921633507,1.94546922389418,"3"
"1468",0.8121558456688,1.09617024380714,"3"
"1469",1.41605736164741,1.45665342407301,"3"
"1470",0.491539114457285,1.46943912352435,"3"
"1471",0.971607135503099,1.96937032672577,"3"
"1472",1.00675098014564,1.73750438424759,"3"
"1473",0.873914744102859,1.78634030139074,"3"
"1474",0.979903432082805,1.16184176178649,"3"
"1475",1.0615871727114,1.82928864425048,"3"
"1476",1.01445186859613,1.64276205096394,"3"
"1477",1.45693249647373,1.16077958163805,"3"
"1478",1.03674486992815,1.8781747862231,"3"
"1479",1.08132410841286,1.81222192104906,"3"
"1480",0.600513554740375,1.46063985070214,"3"
"1481",0.437586227883874,1.34439535229467,"3"
"1482",0.295565642209044,1.27665782556869,"3"
"1483",1.1309494311672,1.83339337143116,"3"
"1484",0.540655249075969,1.1935785820242,"3"
"1485",1.66466334877165,1.02354353386909,"3"
"1486",1.05200173521218,1.57747491286136,"3"
"1487",0.993489815962158,1.98972361651249,"3"
"1488",1.13331145848704,1.66098337108269,"3"
"1489",0.963481698989601,1.69670113059692,"3"
"1490",0.55740997444768,1.39888849458657,"3"
"1491",1.27324472915207,1.37147967587225,"3"
"1492",0.977265265729696,1.94465698651038,"3"
"1493",1.35700112647232,1.47551135718822,"3"
"1494",1.11667619416627,1.34764853934757,"3"
"1495",0.891602898529432,1.85612256568857,"3"
"1496",0.841635943377147,1.56711778184399,"3"
"1497",0.296913584737637,1.19183740997687,"3"
"1498",1.07749458126537,1.06617506011389,"3"
"1499",1.28251965554527,1.32982894289307,"3"
"1500",1.009012068586,1.56124883703887,"3"
"1501",1.51524546660949,-0.688894174837615,"4"
"1502",0.821141750784591,-1.78755496684277,"4"
"1503",1.98637638916261,-1.89330990257302,"4"
"1504",1.64365898573305,-0.601176469334091,"4"
"1505",1.61666573223192,-0.741590261431573,"4"
"1506",1.66443883185275,-0.737355344888616,"4"
"1507",1.29299742646981,-0.723664053971685,"4"
"1508",0.563605361850932,-1.21680738525607,"4"
"1509",1.43877966934815,-0.595399138188794,"4"
"1510",1.93888881104067,-1.71483243861887,"4"
"1511",1.22588252753485,-1.10561428790058,"4"
"1512",1.16254961735103,-1.30602103277512,"4"
"1513",1.72134798660409,-1.09694263660244,"4"
"1514",0.67133752326481,-1.3718107864024,"4"
"1515",0.512638556305319,-0.972496506762669,"4"
"1516",0.77783691836521,-1.61796393565122,"4"
"1517",1.22204729169607,-1.06507954463747,"4"
"1518",0.794807487051003,-1.81540562044447,"4"
"1519",1.72791914443951,-0.848242684815203,"4"
"1520",1.84465183434077,-1.26325519112583,"4"
"1521",1.04838414688129,-1.65528167620442,"4"
"1522",1.02494482032489,-1.58179629414412,"4"
"1523",0.650370047544129,-1.49998890584211,"4"
"1524",1.71945253619924,-0.840852701228485,"4"
"1525",0.724634685786441,-1.73291637289754,"4"
"1526",1.39947345666587,-0.513422528727439,"4"
"1527",1.44828764419071,-0.685768337909124,"4"
"1528",1.25314714270644,-1.04024592657822,"4"
"1529",1.12843568040989,-1.15929671258844,"4"
"1530",1.30809070833493,-0.762725888998865,"4"
"1531",1.12529490550514,-1.31612671913931,"4"
"1532",1.30451005150098,-0.841403082500386,"4"
"1533",0.961339801782742,-1.55641592089533,"4"
"1534",1.40470984531567,-0.480154590408855,"4"
"1535",1.88276295422111,-1.4745429031233,"4"
"1536",0.592128241434693,-1.33107501961139,"4"
"1537",1.25976834504399,-0.926849615580139,"4"
"1538",0.677832307294011,-1.7356718144566,"4"
"1539",1.48941098258365,-0.498133033234173,"4"
"1540",1.88324961415492,-1.40155460185584,"4"
"1541",0.75589057256002,-1.92716200865187,"4"
"1542",0.975992007995956,-1.83983369845185,"4"
"1543",0.967337608104572,-1.72010524499653,"4"
"1544",1.05227795580868,-1.58051603722526,"4"
"1545",0.770842357422225,-1.74685864655992,"4"
"1546",1.25781016692054,-0.975312982711485,"4"
"1547",0.78241012210492,-1.74795976723108,"4"
"1548",1.92922768450808,-1.65510798169626,"4"
"1549",0.785088053205982,-1.9220910189398,"4"
"1550",0.652405473636463,-1.32962340934543,"4"
"1551",0.889014515909366,-1.98227527941632,"4"
"1552",1.56820844858885,-0.514190122535609,"4"
"1553",0.822236275416799,-1.95556596278264,"4"
"1554",0.729399763513356,-1.79256300885908,"4"
"1555",1.95131376816425,-1.83227223487861,"4"
"1556",1.34964084380772,-0.655990154290182,"4"
"1557",0.61607127985917,-1.52538131513667,"4"
"1558",1.55004286393523,-0.438051375173825,"4"
"1559",1.5403537331149,-0.68383116627452,"4"
"1560",1.38891480746679,-0.555575014733103,"4"
"1561",1.43553809402511,-0.572073840362866,"4"
"1562",1.34231951297261,-0.887600121163811,"4"
"1563",1.06451031530742,-1.4106581275659,"4"
"1564",0.765154578490183,-1.57770080037661,"4"
"1565",1.89260769472457,-1.80800207934594,"4"
"1566",1.07591823639814,-1.61141987756491,"4"
"1567",1.4986747339135,-0.481951660760205,"4"
"1568",1.95658236043528,-2.11847600574492,"4"
"1569",0.691935021430254,-1.48750750620984,"4"
"1570",1.03839135821909,-1.4656872461,"4"
"1571",1.06754567520693,-1.5306501321728,"4"
"1572",1.6816464526346,-0.727104897116658,"4"
"1573",0.683918511960655,-1.42295157336831,"4"
"1574",1.83798908151221,-1.42704566324057,"4"
"1575",1.63024940888863,-0.717479580998331,"4"
"1576",1.36447834281716,-0.849617079690793,"4"
"1577",0.812210254953243,-1.75431207429617,"4"
"1578",1.45877962582745,-0.723729099746667,"4"
"1579",0.526059935218655,-1.15961551916273,"4"
"1580",0.707380364881828,-1.59764149557785,"4"
"1581",1.34112744708546,-0.819630116447747,"4"
"1582",1.5004856105661,-0.638191196083521,"4"
"1583",0.854692572611384,-1.6269670351326,"4"
"1584",1.16854158393107,-1.36118863097594,"4"
"1585",1.73355670005549,-0.789888177255785,"4"
"1586",0.792536892346106,-1.81334795112558,"4"
"1587",1.0185643004952,-1.67156358722109,"4"
"1588",1.49537965410855,-0.702038605934535,"4"
"1589",1.42846717988141,-0.761212208165058,"4"
"1590",1.79599521995988,-1.15312530657225,"4"
"1591",0.765615266398527,-1.91200626753855,"4"
"1592",1.09052009740844,-1.34280037100013,"4"
"1593",1.82330768811516,-1.13970609138394,"4"
"1594",0.581115419161506,-1.31743951752504,"4"
"1595",1.57001071458217,-0.750430605339559,"4"
"1596",0.87641191133298,-1.67090701024306,"4"
"1597",1.70322553382721,-0.704055410524701,"4"
"1598",0.78490197355859,-1.80985039106699,"4"
"1599",1.6553398858523,-0.772478967456996,"4"
"1600",0.641761530889198,-1.3407024152583,"4"
"1601",1.64900438732002,-0.849908000903241,"4"
"1602",1.12132446747273,-1.239349055145,"4"
"1603",1.10907560714986,-1.55357788121439,"4"
"1604",1.61028788029216,-0.607718858700366,"4"
"1605",1.69342756154947,-0.672880262222995,"4"
"1606",1.47804500069469,-0.494825602580382,"4"
"1607",1.6120627814671,-0.466236582825962,"4"
"1608",0.587242769892327,-1.2418426723987,"4"
"1609",1.82571564370301,-1.47752723384571,"4"
"1610",1.89677336299792,-1.49923540322477,"4"
"1611",1.23133047611918,-1.12209450328357,"4"
"1612",0.813175869756378,-1.88539449763311,"4"
"1613",0.532652950263582,-0.988837039380831,"4"
"1614",1.80415567674208,-1.3869245059003,"4"
"1615",1.44335301592946,-0.672544199003128,"4"
"1616",1.13952940166928,-1.476470503911,"4"
"1617",0.71048800193239,-1.63358188204846,"4"
"1618",1.60697441373486,-0.762125005952411,"4"
"1619",1.71389566932339,-0.976284834877492,"4"
"1620",1.75534006988164,-1.16668781960492,"4"
"1621",0.572067508473992,-1.09227341851593,"4"
"1622",0.760982388746925,-1.56153905832207,"4"
"1623",1.7486792668933,-1.04442597116535,"4"
"1624",1.01526480901521,-1.67391871605449,"4"
"1625",1.45001461135689,-0.521714191503481,"4"
"1626",1.13705737760756,-1.31971312047955,"4"
"1627",0.866826732177287,-1.99288132210447,"4"
"1628",1.4579041604884,-0.641634814397461,"4"
"1629",1.55898000882007,-0.49687963061279,"4"
"1630",1.06193233700469,-1.70593928807342,"4"
"1631",1.13192109018564,-1.39066954948924,"4"
"1632",1.18947779759765,-1.19500461271228,"4"
"1633",0.529542725649662,-1.0076952629915,"4"
"1634",1.65008960524574,-0.856273419701365,"4"
"1635",0.801249138894491,-1.68732990224094,"4"
"1636",1.64884476654697,-0.706275109529379,"4"
"1637",0.522037609363906,-0.901676521904598,"4"
"1638",1.95844572770875,-1.97368798598212,"4"
"1639",0.937624901300296,-1.8715266160651,"4"
"1640",1.18360968062188,-1.24482968543885,"4"
"1641",0.828273531165905,-1.81541234077351,"4"
"1642",1.20757783087902,-1.01759573973423,"4"
"1643",1.75320033798926,-0.879994260828198,"4"
"1644",1.06382837763522,-1.53469506525853,"4"
"1645",1.07552842865698,-1.31909338557157,"4"
"1646",0.814237621496432,-1.93321890413828,"4"
"1647",1.26653546025045,-1.11865449945519,"4"
"1648",1.72955652163364,-0.921375366126372,"4"
"1649",1.76347501389682,-1.21612412384495,"4"
"1650",1.15424336330034,-1.17331445077955,"4"
"1651",1.60043211793527,-0.544216381230272,"4"
"1652",1.47694468207192,-0.417222035366548,"4"
"1653",1.83361592411529,-1.5201138722559,"4"
"1654",1.39319385704584,-0.56940770825197,"4"
"1655",0.536969645414501,-0.972210958741857,"4"
"1656",1.52364550647326,-0.6972425094524,"4"
"1657",1.91174999496434,-1.53449473101123,"4"
"1658",1.20804163161665,-0.975850883898677,"4"
"1659",1.40089607203845,-0.815918917321063,"4"
"1660",1.87916458258405,-1.72955876714377,"4"
"1661",0.901218054932542,-1.82915190355069,"4"
"1662",1.54252626304515,-0.412649703589969,"4"
"1663",1.93569382233545,-1.94662299137636,"4"
"1664",0.906470202258788,-1.88732077079049,"4"
"1665",1.44381831877399,-0.664957046173378,"4"
"1666",0.593818705412559,-1.1307670304348,"4"
"1667",0.670273062074557,-1.42674751819097,"4"
"1668",0.513552658027038,-0.854238406643828,"4"
"1669",1.40411918866448,-0.552933280799782,"4"
"1670",0.908651314559393,-1.70329028801641,"4"
"1671",1.17587618436664,-1.16270734705592,"4"
"1672",0.674466070020571,-1.41880456264161,"4"
"1673",1.83127549244091,-1.51550104685945,"4"
"1674",0.831471140263602,-1.82405633749495,"4"
"1675",1.93194409343414,-1.97113356444322,"4"
"1676",1.53841810196172,-0.427498403305728,"4"
"1677",0.906949224532582,-1.83805169335487,"4"
"1678",1.34012526622973,-0.592110765771755,"4"
"1679",0.80154730414506,-1.81319734037752,"4"
"1680",0.735003140871413,-1.68614520009471,"4"
"1681",1.1354967901716,-1.33629288317519,"4"
"1682",1.61408667336218,-0.506393922233738,"4"
"1683",0.875307464972138,-1.64090678941997,"4"
"1684",0.611010996391997,-1.22265698596541,"4"
"1685",1.81807344208937,-1.06938610715263,"4"
"1686",1.36127546429634,-0.547930790395271,"4"
"1687",1.30596869334113,-0.67205966950983,"4"
"1688",0.838326865108684,-1.76640117558027,"4"
"1689",1.27276772202458,-1.02222551983844,"4"
"1690",0.735918841790408,-1.79074972859864,"4"
"1691",0.833817308302969,-1.75501486212982,"4"
"1692",0.515721710515209,-0.955016629023151,"4"
"1693",0.85809161036741,-1.82709780125826,"4"
"1694",0.747645299998112,-1.54618528655551,"4"
"1695",1.1658200857928,-1.12997405330711,"4"
"1696",1.39722084079403,-0.762032864310896,"4"
"1697",0.851602124399506,-2.00234565894747,"4"
"1698",1.22503693879116,-0.864592673236572,"4"
"1699",1.63743574742693,-0.671759287969418,"4"
"1700",0.723398298141547,-1.60037322095111,"4"
"1701",0.810093562118709,-1.93864601132629,"4"
"1702",1.1268769785529,-1.39368156426448,"4"
"1703",1.77400124433916,-0.940463034104586,"4"
"1704",1.61872897925787,-0.708993399517961,"4"
"1705",1.75795155693777,-1.04759863026937,"4"
"1706",1.45966178516392,-0.444284671398064,"4"
"1707",1.35230578295887,-0.902457898149844,"4"
"1708",1.13431233400479,-1.18314444801979,"4"
"1709",1.43766987707932,-0.675086767892537,"4"
"1710",0.553584833629429,-1.22173727316867,"4"
"1711",0.701063595362939,-1.66842520779323,"4"
"1712",1.128755678772,-1.45900714768796,"4"
"1713",0.766672238358296,-1.83645723323505,"4"
"1714",1.12754812766798,-1.14960068112449,"4"
"1715",1.23103440669365,-1.08478669960267,"4"
"1716",1.20367149449885,-0.906363612131998,"4"
"1717",1.52492046763655,-0.512347058033639,"4"
"1718",1.79610017570667,-1.0165553840805,"4"
"1719",0.694874393171631,-1.74003555408561,"4"
"1720",1.3455265108496,-0.662562084578662,"4"
"1721",1.56275093660224,-0.532864394069115,"4"
"1722",0.968196173431352,-1.70338416946788,"4"
"1723",0.768713105702773,-1.89268250902336,"4"
"1724",1.12888923566788,-1.44885607898266,"4"
"1725",1.61830720712896,-0.824423308006899,"4"
"1726",1.62605897244066,-0.790885570410559,"4"
"1727",1.70887827710249,-1.01615471884542,"4"
"1728",0.70388208294753,-1.67417167053322,"4"
"1729",1.38683629804291,-0.812786542815431,"4"
"1730",0.511216421145946,-0.879902499701262,"4"
"1731",1.31294732517563,-0.946316434283995,"4"
"1732",1.1408264861675,-1.35839608194383,"4"
"1733",1.00955849944148,-1.50919275665289,"4"
"1734",0.876331235165708,-1.67941993291117,"4"
"1735",1.3136713092681,-0.936879330711959,"4"
"1736",1.20357516058721,-1.07980120925272,"4"
"1737",1.23666772036813,-0.937921423202581,"4"
"1738",1.52154457860161,-0.354464122560901,"4"
"1739",1.74924614967313,-1.14313537251094,"4"
"1740",1.14960981125478,-1.36037064892769,"4"
"1741",1.17739942902699,-1.32960517723481,"4"
"1742",1.37377108400688,-0.734962774027949,"4"
"1743",1.0346011929214,-1.4223154089078,"4"
"1744",1.74789502425119,-1.05051741766635,"4"
"1745",1.55054028134327,-0.738755853150325,"4"
"1746",0.938254558946937,-1.77752319207117,"4"
"1747",1.5294229357969,-0.71895904156655,"4"
"1748",1.36264674121048,-0.858430861595266,"4"
"1749",1.42887702211738,-0.773561923614792,"4"
"1750",0.729562363005243,-1.81720377537786,"4"
"1751",0.838379601249471,-1.90378895360884,"4"
"1752",1.27847690763883,-0.711579055231219,"4"
"1753",1.11599321139511,-1.32767587415964,"4"
"1754",1.39719442278147,-0.809361848903634,"4"
"1755",0.511942276498303,-0.97634391499943,"4"
"1756",0.924739699461497,-1.95138785430705,"4"
"1757",0.667369261034764,-1.54642874943943,"4"
"1758",0.952661496005021,-1.77885665689212,"4"
"1759",0.829239225946367,-1.79043432859063,"4"
"1760",1.83428843843285,-1.52766658429648,"4"
"1761",0.882370010833256,-1.7183095677225,"4"
"1762",1.42098576622084,-0.48792090311882,"4"
"1763",1.62526187964249,-0.496553469984778,"4"
"1764",1.57066674553789,-0.705950408043511,"4"
"1765",0.771991111570969,-1.78510406434578,"4"
"1766",1.70068940671626,-0.779428610614533,"4"
"1767",1.90255961497314,-1.78954306764661,"4"
"1768",1.17603947955649,-1.30309736074356,"4"
"1769",0.775895947939716,-1.85618531603717,"4"
"1770",1.54863765079062,-0.383434257569307,"4"
"1771",0.948972944868729,-1.82954816471473,"4"
"1772",1.26781814114656,-1.09770080132854,"4"
"1773",1.99275947036222,-2.03164936571728,"4"
"1774",0.921208597486839,-1.8520818222576,"4"
"1775",1.64704400440678,-0.789521031993139,"4"
"1776",1.29365661391057,-0.848666328096104,"4"
"1777",1.52438959490974,-0.476984572540254,"4"
"1778",1.34631992434151,-0.555999803457895,"4"
"1779",0.599272406077944,-1.14089294264478,"4"
"1780",0.97137970093172,-1.85949152304573,"4"
"1781",1.52292087103706,-0.35690212417626,"4"
"1782",1.19327540986706,-1.32063276455948,"4"
"1783",1.09794355824124,-1.32012951356156,"4"
"1784",1.44429119082633,-0.5262358543527,"4"
"1785",1.62277835630812,-0.671610578852618,"4"
"1786",0.853019851725549,-1.76690614540747,"4"
"1787",0.663577795145102,-1.54311593625834,"4"
"1788",1.25606890616473,-0.771472053095625,"4"
"1789",1.04284272296354,-1.59818235743246,"4"
"1790",0.557981901802123,-1.09014382222997,"4"
"1791",1.4928175752284,-0.624365176935459,"4"
"1792",1.31940302194562,-0.788398430565005,"4"
"1793",1.01055795617867,-1.7027386747071,"4"
"1794",0.528519075247459,-1.17056580011194,"4"
"1795",1.5481928375084,-0.538892239620137,"4"
"1796",1.42227650771383,-0.564587306166347,"4"
"1797",1.79771201254334,-1.21901066926322,"4"
"1798",1.95275006664451,-1.95196103405208,"4"
"1799",0.546191114583053,-1.10949249825749,"4"
"1800",0.505900419084355,-0.961562824675657,"4"
"1801",1.13271123159211,-1.22124103687968,"4"
"1802",0.784002828295343,-1.84693576922543,"4"
"1803",0.889112840173766,-1.66919237465499,"4"
"1804",1.35409388493281,-0.766181832473326,"4"
"1805",1.99670157756191,-2.19969332407357,"4"
"1806",1.48157809022814,-0.661622690996067,"4"
"1807",1.60616788465995,-0.515441181818504,"4"
"1808",1.4093986498192,-0.56433912055587,"4"
"1809",1.26523913990241,-1.08829208200243,"4"
"1810",1.57174440473318,-0.59304606166549,"4"
"1811",1.31411217467394,-0.601239489626651,"4"
"1812",1.02488084265497,-1.41252626153091,"4"
"1813",0.623063086648472,-1.36413378708552,"4"
"1814",1.76280589250382,-0.966520751170322,"4"
"1815",1.91305250849109,-1.75498688298779,"4"
"1816",0.622913652681746,-1.3376051059995,"4"
"1817",0.797225501271896,-1.61360639684163,"4"
"1818",1.20280818431638,-0.947509330675785,"4"
"1819",0.706910035340115,-1.51442600821135,"4"
"1820",1.58305916830432,-0.559989802832984,"4"
"1821",1.10184130107518,-1.21865777567501,"4"
"1822",0.878735050093383,-1.93217467779555,"4"
"1823",0.978723567212,-1.52814416673712,"4"
"1824",1.15251401427668,-1.43397478744108,"4"
"1825",0.55455344566144,-1.05270490638925,"4"
"1826",1.50136946863495,-0.474543805865531,"4"
"1827",1.02842978236731,-1.52077164012047,"4"
"1828",1.4474816438742,-0.659104281783363,"4"
"1829",1.11161587876268,-1.30356182070668,"4"
"1830",1.46496419527102,-0.446477600402103,"4"
"1831",1.71942378592212,-0.838516435443144,"4"
"1832",1.48590027343016,-0.498828275581602,"4"
"1833",1.58695895771962,-0.538648974239044,"4"
"1834",1.72791354777291,-0.798716844230668,"4"
"1835",1.2138022108702,-1.204864630963,"4"
"1836",1.01805811387021,-1.5190222308592,"4"
"1837",1.90336721378844,-1.56661881562498,"4"
"1838",1.10948458325583,-1.28035765665009,"4"
"1839",0.547818989842199,-1.06761353095226,"4"
"1840",0.623088509659283,-1.46589020090514,"4"
"1841",1.70376823481638,-1.04035770815855,"4"
"1842",1.15305104106665,-1.40138341156115,"4"
"1843",1.31189463566989,-0.844274112027408,"4"
"1844",0.545470819924958,-1.04847503058532,"4"
"1845",1.68067151366267,-0.699245175550382,"4"
"1846",0.697073108865879,-1.59718277391555,"4"
"1847",0.824207679484971,-1.80909649893909,"4"
"1848",1.16471772198565,-1.35028308715169,"4"
"1849",0.525360576808453,-1.14736352121041,"4"
"1850",1.11399311118294,-1.48039380536895,"4"
"1851",1.1480981472414,-1.18651954078922,"4"
"1852",1.32857305312064,-0.631425897299436,"4"
"1853",1.21681122819427,-1.10922100455038,"4"
"1854",0.873776028398424,-1.76820458267695,"4"
"1855",0.929905364406295,-1.70006486064324,"4"
"1856",0.644296668237075,-1.56137747860647,"4"
"1857",1.03780201333575,-1.61404848026724,"4"
"1858",0.667762686614878,-1.39861569149926,"4"
"1859",0.980714591220021,-1.66712472870381,"4"
"1860",0.941490773344412,-1.61711518825256,"4"
"1861",1.09356539545115,-1.46249540144227,"4"
"1862",1.33358226774726,-0.709199702553041,"4"
"1863",0.974224506993778,-1.54528701117576,"4"
"1864",0.572329400689341,-1.17399579633302,"4"
"1865",1.03031423257198,-1.70527967936778,"4"
"1866",1.77511531591881,-1.13040148854961,"4"
"1867",0.954770783078857,-1.63047637304075,"4"
"1868",0.698763806489296,-1.82183655401411,"4"
"1869",1.93887852749322,-2.01564447123608,"4"
"1870",1.24150271678809,-1.1228685851915,"4"
"1871",1.43477029947098,-0.467678784229297,"4"
"1872",0.65455471270252,-1.40311693217979,"4"
"1873",1.11024856055155,-1.18704082810563,"4"
"1874",0.569376973784529,-1.41261288852608,"4"
"1875",0.523845017305575,-0.955482414306801,"4"
"1876",1.2560701421462,-0.834123949693913,"4"
"1877",0.998198735527694,-1.54534963899344,"4"
"1878",1.41038569086231,-0.779736772467955,"4"
"1879",1.63543544360436,-0.551537560015179,"4"
"1880",0.763639779645018,-1.73342767446668,"4"
"1881",1.36963795917109,-0.850100124591267,"4"
"1882",0.807390738511458,-1.95870302748201,"4"
"1883",1.60916321992408,-0.44981376198113,"4"
"1884",0.536770458915271,-1.05219700433805,"4"
"1885",1.17006689927075,-1.37017221402385,"4"
"1886",0.666624630219303,-1.68315644832187,"4"
"1887",1.7460766939912,-0.97466895278594,"4"
"1888",1.07737561431713,-1.41287402573612,"4"
"1889",1.39648661960382,-0.469132363468245,"4"
"1890",1.06221268547233,-1.41025362078302,"4"
"1891",1.38315192982554,-0.842275596190381,"4"
"1892",1.67213493888266,-0.889398396662718,"4"
"1893",1.74507618427742,-1.12178730080038,"4"
"1894",1.3397752805613,-0.768673603753338,"4"
"1895",1.28538118849974,-0.940972511088978,"4"
"1896",1.68702842760831,-0.716255804090483,"4"
"1897",1.0897147487849,-1.26710403526736,"4"
"1898",1.54908636270557,-0.626509492453835,"4"
"1899",1.92533508047927,-1.78059183055909,"4"
"1900",0.633417544653639,-1.50570990426849,"4"
"1901",1.05460580240469,-1.33418066132775,"4"
"1902",0.794112671981566,-1.70421418924399,"4"
"1903",0.727680890122429,-1.58952830522556,"4"
"1904",0.990679402486421,-1.68301185094974,"4"
"1905",1.25479434593581,-0.775250154763861,"4"
"1906",1.80908686458133,-1.26913186011946,"4"
"1907",1.52983608050272,-0.427796880581303,"4"
"1908",1.6561541891424,-0.738352135635963,"4"
"1909",0.573265739250928,-1.23428639776756,"4"
"1910",1.20628999581095,-1.22142457509009,"4"
"1911",0.82586083910428,-1.9691457953815,"4"
"1912",0.902436032774858,-1.75304204497985,"4"
"1913",1.3814455101965,-0.565523228320746,"4"
"1914",1.17616445757449,-1.23380538737465,"4"
"1915",0.709130001952872,-1.56437507476916,"4"
"1916",0.642199288704433,-1.43807407489632,"4"
"1917",1.8105142628774,-1.09962834571413,"4"
"1918",1.64350073086098,-0.871481375974698,"4"
"1919",1.12305676063988,-1.32123760084422,"4"
"1920",1.02835425897501,-1.44501899417572,"4"
"1921",1.45425440149847,-0.491418346238051,"4"
"1922",1.50107491738163,-0.647682222873161,"4"
"1923",1.78229865652975,-1.05091850525751,"4"
"1924",1.46150691411458,-0.717991070580069,"4"
"1925",0.545198327046819,-1.10478611736863,"4"
"1926",1.35046433680691,-0.534532248420932,"4"
"1927",0.613335513975471,-1.56231190537151,"4"
"1928",0.512470177491195,-1.04401987224884,"4"
"1929",1.92292682873085,-1.86032040242576,"4"
"1930",0.892359534045681,-1.99035875990557,"4"
"1931",1.74759089387953,-0.8023337318113,"4"
"1932",1.87122831097804,-1.55486235238929,"4"
"1933",0.860821868292987,-1.61870856788705,"4"
"1934",0.634368206490763,-1.30449012730488,"4"
"1935",1.20302556303795,-0.984416004371238,"4"
"1936",0.934745968668722,-1.56662502749251,"4"
"1937",1.67149188381154,-0.741255288967165,"4"
"1938",0.928206294309348,-1.81211049856622,"4"
"1939",1.61500648385845,-0.571265689935438,"4"
"1940",1.24977326532826,-0.9151978787374,"4"
"1941",1.16832092299592,-1.04588068177147,"4"
"1942",1.74452325387392,-0.869564594595567,"4"
"1943",0.616544229793362,-1.41961390502046,"4"
"1944",0.79082636279054,-1.74440354358031,"4"
"1945",1.67897993000224,-0.890891317995244,"4"
"1946",1.84417311765719,-1.47739546347072,"4"
"1947",1.96340583730489,-1.82226056548019,"4"
"1948",1.60229925077874,-0.439319990976269,"4"
"1949",0.942502648220398,-1.75557058297635,"4"
"1950",1.41857677791268,-0.766547832903419,"4"
"1951",1.70970439887606,-0.970123762074076,"4"
"1952",1.90104424161837,-1.46557366862919,"4"
"1953",1.19155992486048,-1.13719013658653,"4"
"1954",1.55791126168333,-0.698898019766816,"4"
"1955",1.88830586837139,-1.77811445533626,"4"
"1956",0.875597459962592,-1.77517249932441,"4"
"1957",1.27463469351642,-0.862321894232136,"4"
"1958",1.74347409175243,-0.98960048299371,"4"
"1959",0.552862243028358,-1.04694569143192,"4"
"1960",1.45530381368008,-0.703112030657209,"4"
"1961",1.6324889769312,-0.670673281413627,"4"
"1962",1.42687544215005,-0.535530575103116,"4"
"1963",1.41367170633748,-0.589848155110966,"4"
"1964",1.11276937602088,-1.33142211957485,"4"
"1965",1.46538402035367,-0.527534016280503,"4"
"1966",1.63673350983299,-0.551949230321768,"4"
"1967",1.39480536070187,-0.452889721190068,"4"
"1968",1.30747866351157,-1.00294850619094,"4"
"1969",0.905235942918807,-1.71620598156439,"4"
"1970",0.648598000756465,-1.47900056592301,"4"
"1971",1.31415897293482,-0.63520032914295,"4"
"1972",1.9634819701314,-2.13127823655844,"4"
"1973",1.58446541382,-0.455358758777243,"4"
"1974",1.18075213895645,-1.17685744929425,"4"
"1975",0.950906919897534,-1.76479798476584,"4"
"1976",0.538450665888377,-1.03966877777783,"4"
"1977",1.47034617338795,-0.572384462313672,"4"
"1978",1.47930771799292,-0.681769505528213,"4"
"1979",1.69046658300795,-0.913000896335696,"4"
"1980",0.92224811099004,-1.93668122165172,"4"
"1981",0.850159701891243,-1.9466320009164,"4"
"1982",0.580485557205975,-1.2615036550003,"4"
"1983",1.52841126243584,-0.41906996804641,"4"
"1984",0.890721532399766,-1.72325821157819,"4"
"1985",1.72914079285692,-0.869145400834699,"4"
"1986",1.46616270788945,-0.619755883565348,"4"
"1987",0.811562455375679,-1.65454077427125,"4"
"1988",1.19854861672502,-1.25637900757375,"4"
"1989",1.37696988193784,-0.747513859220772,"4"
"1990",1.80951488087885,-1.23362223670406,"4"
"1991",1.31445936253294,-0.763373348753738,"4"
"1992",0.606190059916116,-1.52540797733186,"4"
"1993",0.905329237692058,-1.80521028297025,"4"
"1994",1.41817541921046,-0.487365918116625,"4"
"1995",0.509906694642268,-1.0203346436853,"4"
"1996",1.14971437165514,-1.40430440318204,"4"
"1997",1.61616190930363,-0.778842080111123,"4"
"1998",0.563066207803786,-1.20016002531025,"4"
"1999",1.20245814311784,-1.2319545336111,"4"
"2000",1.68424160475843,-0.713814407801095,"4"
